call_id,gold_actual
J19_S037893,구매진행
J19_S027803,환불요청
J17_S002740,서비스이용
J19_S036550,환불요청
J17_S001443,서비스이용
J17_S001643,서비스이용
J19_S025666,환불요청
J18_S008619,교환반품
J18_S003995,불만제기
J16_S004326,서비스이용
J18_S015318,불만제기
J19_S013482,서비스이용
J17_S005590,서비스이용
J19_S021538,환불요청
J19_S023116,환불요청
J19_S015157,환불요청
J19_S019882,환불요청
J19_S029282,불만제기
J17_S006604,배송확인
J17_S006060,구매진행
J19_S011427,환불요청
J18_S015018,교환반품
J19_S037157,주문취소
J17_S005771,서비스이용
J19_S029152,구매진행
J18_S016495,불만제기
J19_S008945,서비스이용
J19_S033859,환불요청
J19_S028623,환불요청
J18_S001939,불만제기
J18_S004626,환불요청
J18_S017612,환불요청
J19_S015204,환불요청
J18_S014611,환불요청
J16_S004599,서비스이용
J19_S029200,환불요청
J19_S034433,배송확인
J16_S003914,서비스이용
J19_S008867,서비스이용
J18_S020079,환불요청
J18_S007231,불만제기
J19_S028720,구매진행
J19_S023008,환불요청
J19_S033630,환불요청
J18_S021443,배송확인
J18_S015228,환불요청
J18_S005080,환불요청
J19_S020936,환불요청
J18_S021541,불만제기
J18_S007696,배송확인
J18_S014406,배송확인
J17_S002511,불만제기
J18_S003601,배송확인
J19_S034637,불만제기
J19_S001613,환불요청
J18_S023251,교환반품
J16_S000281,서비스이용
J19_S029467,교환반품
J17_S005464,서비스이용
J19_S034246,환불요청
J18_S004411,배송확인
J18_S001342,환불요청
J18_S013492,배송확인
J16_S002565,서비스이용
J19_S014998,주문취소
J19_S012400,구매진행
J19_S027733,환불요청
J18_S007677,배송확인
J18_S010146,불만제기
J18_S002892,배송확인
J18_S019065,배송확인
J19_S006049,환불요청
J16_S000477,서비스이용
J17_S005896,서비스이용
J19_S034384,환불요청
J18_S017096,환불요청
J19_S029558,배송확인
J18_S001267,환불요청
J19_S010223,환불요청
J18_S001787,교환반품
J19_S035815,불만제기
J19_S013590,환불요청
J19_S022924,배송확인
J18_S002003,배송확인
J18_S004485,교환반품
J18_S008930,배송확인
J18_S021367,교환반품
J18_S019515,환불요청
J19_S014188,환불요청
J18_S016231,배송확인
J18_S023327,배송확인
J18_S006995,교환반품
J19_S019566,불만제기
J18_S014409,환불요청
J19_S009446,구매진행
J19_S016111,구매진행
J19_S008678,환불요청
J19_S021249,서비스이용
J18_S003026,배송확인
J19_S037964,주문취소
J19_S022210,환불요청
J18_S016734,환불요청
J19_S017416,환불요청
J16_S004670,서비스이용
J19_S030229,불만제기
J19_S019973,환불요청
J19_S000598,환불요청
J18_S002073,환불요청
J19_S017006,환불요청
J18_S010751,환불요청
J18_S011220,환불요청
J16_S004587,서비스이용
J16_S001823,서비스이용
J18_S012131,교환반품
J19_S036929,환불요청
J19_S028568,환불요청
J19_S025875,서비스이용
J18_S015196,환불요청
J19_S031452,환불요청
J18_S005974,배송확인
J19_S037450,교환반품
J16_S002116,서비스이용
J17_S003004,서비스이용
J18_S011334,환불요청
J19_S037422,환불요청
J18_S011250,배송확인
J18_S020519,환불요청
J19_S031042,환불요청
J16_S000540,서비스이용
J19_S001532,환불요청
J19_S023773,구매진행
J19_S024074,구매진행
J18_S018198,환불요청
J19_S019707,환불요청
J19_S016809,환불요청
J17_S005103,서비스이용
J19_S015505,주문취소
J19_S009358,구매진행
J19_S035061,교환반품
J18_S021469,배송확인
J16_S001155,서비스이용
J18_S015662,환불요청
J18_S016491,교환반품
J19_S024504,환불요청
J19_S032495,배송확인
J18_S017032,환불요청
J19_S010888,환불요청
J16_S004247,서비스이용
J18_S011809,불만제기
J19_S028015,불만제기
J18_S007116,교환반품
J19_S028745,환불요청
J18_S003799,환불요청
J16_S004061,서비스이용
J19_S013565,환불요청
J18_S020735,불만제기
J19_S008727,환불요청
J18_S011888,교환반품
J18_S015635,환불요청
J18_S000666,배송확인
J19_S010943,환불요청
J19_S014409,환불요청
J19_S029693,불만제기
J17_S003808,서비스이용
J19_S035561,주문취소
J17_S002327,배송확인
J19_S032812,교환반품
J16_S006553,서비스이용
J18_S017452,불만제기
J18_S018483,교환반품
J17_S002397,서비스이용
J19_S012236,환불요청
J19_S000901,주문취소
J19_S036355,구매진행
J18_S001750,환불요청
J19_S014743,서비스이용
J19_S031450,환불요청
J18_S023355,서비스이용
J18_S005261,환불요청
J18_S006807,교환반품
J17_S004525,서비스이용
J18_S020964,환불요청
J18_S013534,교환반품
J16_S000141,서비스이용
J19_S038099,환불요청
J19_S021437,환불요청
J18_S010154,주문취소
J18_S008573,교환반품
J17_S005518,서비스이용
J16_S002294,서비스이용
J19_S020362,환불요청
J19_S025581,환불요청
J19_S005186,서비스이용
J17_S001384,불만제기
J17_S003029,불만제기
J19_S011982,환불요청
J16_S006367,서비스이용
J18_S019497,환불요청
J18_S011915,환불요청
J18_S006703,배송확인
J19_S009772,구매진행
J19_S027828,환불요청
J18_S007817,불만제기
J19_S029625,환불요청
J19_S011137,환불요청
J18_S014553,불만제기
J19_S033705,배송확인
J16_S006762,서비스이용
J16_S006872,서비스이용
J19_S035479,불만제기
J18_S004561,교환반품
J18_S022112,불만제기
J19_S008682,환불요청
J18_S003278,불만제기
J19_S033309,환불요청
J18_S005561,교환반품
J16_S002087,서비스이용
J19_S031011,환불요청
J18_S012683,환불요청
J17_S002704,서비스이용
J18_S013234,환불요청
J18_S018111,불만제기
J19_S034586,환불요청
J17_S005843,서비스이용
J18_S006567,교환반품
J19_S016542,주문취소
J18_S009467,환불요청
J19_S028167,불만제기
J18_S007239,교환반품
J18_S021305,환불요청
J19_S002627,주문취소
J19_S016319,불만제기
J18_S022343,교환반품
J19_S037195,배송확인
J18_S008915,교환반품
J19_S016667,환불요청
J16_S002475,서비스이용
J18_S009890,환불요청
J17_S005637,서비스이용
J19_S026167,환불요청
J19_S008042,환불요청
J18_S011902,배송확인
J19_S018468,환불요청
J19_S032892,환불요청
J16_S004654,서비스이용
J18_S000455,불만제기
J19_S021918,환불요청
J19_S008672,주문취소
J19_S025937,환불요청
J18_S021705,서비스이용
J19_S015250,환불요청
J19_S015502,환불요청
J17_S001941,서비스이용
J19_S035537,환불요청
J17_S005246,서비스이용
J16_S000686,서비스이용
J19_S002385,환불요청
J19_S034285,환불요청
J19_S028339,구매진행
J16_S005602,서비스이용
J18_S012583,불만제기
J19_S025112,구매진행
J19_S032614,불만제기
J18_S019182,배송확인
J16_S001350,서비스이용
J18_S014694,배송확인
J18_S003221,환불요청
J18_S005502,불만제기
J19_S015195,불만제기
J17_S006509,서비스이용
J16_S000474,서비스이용
J19_S026696,주문취소
J18_S014786,환불요청
J18_S022732,배송확인
J19_S018211,주문취소
J19_S012666,주문취소
J18_S016240,환불요청
J19_S030086,환불요청
J19_S031869,배송확인
J18_S002502,불만제기
J19_S020351,주문취소
J18_S019277,배송확인
J19_S038317,환불요청
J17_S004156,서비스이용
J16_S006602,서비스이용
J19_S017573,불만제기
J19_S012542,환불요청
J18_S000788,교환반품
J19_S028731,불만제기
J18_S006037,불만제기
J19_S023046,서비스이용
J18_S000011,배송확인
J17_S006193,서비스이용
J18_S020483,배송확인
J19_S008792,환불요청
J19_S002034,환불요청
J18_S001558,불만제기
J18_S006109,교환반품
J18_S007062,교환반품
J19_S011929,환불요청
J19_S029004,환불요청
J19_S020573,불만제기
J19_S023751,구매진행
J16_S002642,서비스이용
J18_S009086,환불요청
J19_S010332,구매진행
J17_S005567,서비스이용
J18_S020726,서비스이용
J19_S023000,환불요청
J18_S002099,불만제기
J17_S005525,서비스이용
J18_S002511,배송확인
J16_S004060,서비스이용
J19_S015288,환불요청
J16_S004094,서비스이용
J18_S000435,환불요청
J18_S011992,배송확인
J18_S002082,배송확인
J19_S038006,교환반품
J18_S015706,배송확인
J18_S016300,불만제기
J18_S022001,교환반품
J19_S021835,불만제기
J19_S023309,환불요청
J19_S007893,환불요청
J19_S037694,환불요청
J19_S014520,구매진행
J19_S011785,환불요청
J19_S035508,배송확인
J18_S001938,환불요청
J19_S019649,환불요청
J18_S006679,환불요청
J18_S011877,배송확인
J19_S028055,환불요청
J19_S030645,환불요청
J18_S017516,교환반품
J18_S014613,환불요청
J18_S009866,불만제기
J18_S022838,서비스이용
J18_S016562,교환반품
J17_S004099,서비스이용
J19_S013992,환불요청
J19_S037881,구매진행
J19_S002621,환불요청
J18_S015867,환불요청
J18_S018997,배송확인
J19_S015059,환불요청
J19_S014965,주문취소
J18_S021519,배송확인
J19_S037417,환불요청
J18_S001710,불만제기
J18_S012644,환불요청
J16_S001686,서비스이용
J18_S007037,배송확인
J19_S002101,불만제기
J19_S007315,환불요청
J18_S010128,교환반품
J18_S010889,교환반품
J17_S002980,서비스이용
J16_S002509,서비스이용
J19_S027006,환불요청
J18_S021218,환불요청
J19_S036652,환불요청
J19_S006077,불만제기
J19_S004549,환불요청
J19_S027171,환불요청
J19_S021619,교환반품
J19_S011617,환불요청
J17_S002852,서비스이용
J18_S020197,환불요청
J18_S001508,배송확인
J18_S018726,교환반품
J18_S003272,불만제기
J18_S022051,교환반품
J18_S005950,배송확인
J19_S032733,배송확인
J19_S010070,환불요청
J18_S007900,교환반품
J19_S004092,구매진행
J19_S031018,서비스이용
J18_S009340,배송확인
J19_S029663,환불요청
J19_S029032,환불요청
J19_S033812,교환반품
J18_S022282,배송확인
J19_S017983,환불요청
J19_S012206,환불요청
J17_S004955,서비스이용
J19_S000836,환불요청
J18_S012064,배송확인
J18_S004169,교환반품
J18_S009572,교환반품
J19_S010114,환불요청
J19_S033029,환불요청
J19_S013745,환불요청
J19_S020062,환불요청
J17_S005118,서비스이용
J18_S020487,교환반품
J18_S012150,환불요청
J19_S005145,환불요청
J18_S007775,환불요청
J19_S032561,불만제기
J19_S005153,환불요청
J19_S018111,환불요청
J19_S023811,환불요청
J17_S002998,서비스이용
J19_S033581,주문취소
J19_S036303,환불요청
J19_S007975,환불요청
J16_S003827,서비스이용
J19_S024744,환불요청
J19_S028061,환불요청
J18_S020087,교환반품
J18_S020119,환불요청
J18_S002033,불만제기
J19_S011400,서비스이용
J19_S005544,환불요청
J19_S028529,불만제기
J19_S031796,불만제기
J19_S031135,교환반품
J18_S011046,환불요청
J19_S017633,환불요청
J17_S000766,서비스이용
J18_S016036,환불요청
J16_S003086,서비스이용
J18_S014356,교환반품
J17_S001537,서비스이용
J19_S024713,서비스이용
J19_S017985,환불요청
J19_S003410,서비스이용
J19_S027709,환불요청
J18_S015119,배송확인
J19_S020557,서비스이용
J19_S016127,환불요청
J19_S004534,주문취소
J19_S001708,주문취소
J16_S003941,서비스이용
J18_S000394,환불요청
J19_S008644,환불요청
J18_S004660,배송확인
J19_S032816,환불요청
J19_S018658,불만제기
J19_S009267,서비스이용
J18_S013083,환불요청
J18_S019938,배송확인
J19_S033926,환불요청
J19_S016584,환불요청
J16_S000397,서비스이용
J19_S029706,환불요청
J16_S005217,서비스이용
J18_S000421,불만제기
J19_S032351,서비스이용
J18_S013267,불만제기
J17_S002094,서비스이용
J18_S008761,구매진행
J18_S021498,배송확인
J19_S034779,환불요청
J18_S008727,교환반품
J18_S000875,배송확인
J19_S001072,환불요청
J19_S023859,환불요청
J19_S011059,환불요청
J19_S029277,환불요청
J18_S012449,환불요청
J19_S011744,환불요청
J19_S003790,환불요청
J18_S019451,불만제기
J19_S002253,환불요청
J18_S011400,불만제기
J19_S017208,환불요청
J19_S032571,환불요청
J19_S012545,환불요청
J19_S020350,환불요청
J16_S006760,서비스이용
J19_S032811,교환반품
J19_S024914,환불요청
J18_S017857,환불요청
J19_S015011,환불요청
J19_S016812,환불요청
J18_S002884,배송확인
J18_S012516,교환반품
J18_S010903,배송확인
J19_S033455,환불요청
J19_S022269,환불요청
J16_S000089,서비스이용
J19_S026332,서비스이용
J19_S029297,환불요청
J19_S024886,환불요청
J18_S016455,환불요청
J19_S011132,환불요청
J18_S019567,배송확인
J19_S001724,환불요청
J19_S021769,구매진행
J19_S031389,환불요청
J19_S001797,환불요청
J19_S028213,환불요청
J16_S005816,서비스이용
J19_S011157,환불요청
J18_S008109,배송확인
J18_S022203,환불요청
J18_S011231,교환반품
J18_S017999,환불요청
J19_S037396,환불요청
J17_S005620,서비스이용
J19_S031286,배송확인
J19_S026837,주문취소
J18_S002411,배송확인
J19_S034190,불만제기
J19_S037035,주문취소
J16_S004886,서비스이용
J18_S019956,불만제기
J19_S014121,환불요청
J18_S015058,환불요청
J18_S002497,배송확인
J19_S036373,구매진행
J18_S008444,교환반품
J19_S024080,환불요청
J19_S030393,환불요청
J18_S001563,배송확인
J16_S006884,서비스이용
J18_S012877,교환반품
J19_S016249,환불요청
J18_S007537,교환반품
J19_S000088,환불요청
J19_S026486,환불요청
J19_S026670,환불요청
J19_S010327,환불요청
J19_S011258,환불요청
J19_S037766,환불요청
J19_S007340,서비스이용
J17_S005500,서비스이용
J19_S000303,구매진행
J19_S031629,불만제기
J18_S020323,환불요청
J19_S007511,환불요청
J19_S009081,주문취소
J18_S007534,배송확인
J19_S020686,환불요청
J19_S000640,환불요청
J19_S013638,주문취소
J19_S003216,불만제기
J17_S002063,서비스이용
J16_S001787,서비스이용
J17_S003581,서비스이용
J16_S004501,서비스이용
J19_S031813,환불요청
J19_S028968,환불요청
J18_S017100,교환반품
J19_S032876,구매진행
J18_S022893,교환반품
J19_S012447,환불요청
J19_S035383,불만제기
J18_S009387,환불요청
J19_S012218,서비스이용
J18_S017611,불만제기
J17_S003917,서비스이용
J18_S022200,교환반품
J19_S011090,구매진행
J19_S013884,불만제기
J18_S000238,배송확인
J19_S026854,환불요청
J19_S012503,주문취소
J19_S018826,환불요청
J18_S000461,환불요청
J19_S011426,환불요청
J16_S004052,서비스이용
J19_S028376,주문취소
J19_S007650,환불요청
J17_S003319,서비스이용
J18_S002226,불만제기
J18_S017018,서비스이용
J19_S006661,서비스이용
J17_S005578,서비스이용
J18_S019857,배송확인
J18_S003631,환불요청
J16_S002806,서비스이용
J19_S037778,환불요청
J16_S002311,서비스이용
J19_S024182,구매진행
J19_S017680,주문취소
J18_S017816,배송확인
J19_S001654,구매진행
J18_S010361,배송확인
J19_S029815,환불요청
J19_S023515,환불요청
J19_S025068,환불요청
J17_S002129,서비스이용
J18_S004921,배송확인
J19_S002434,환불요청
J18_S022484,불만제기
J19_S036037,구매진행
J18_S011363,환불요청
J19_S002242,주문취소
J16_S002099,서비스이용
J18_S014704,교환반품
J18_S001443,불만제기
J18_S005821,배송확인
J19_S000636,주문취소
J19_S028589,환불요청
J18_S016029,환불요청
J19_S016440,환불요청
J18_S018260,환불요청
J19_S009875,환불요청
J16_S005800,서비스이용
J17_S004049,서비스이용
J19_S015214,서비스이용
J17_S002161,서비스이용
J16_S004876,서비스이용
J19_S011870,환불요청
J18_S023241,배송확인
J17_S006738,서비스이용
J19_S010543,환불요청
J19_S020261,환불요청
J18_S022590,배송확인
J18_S005200,배송확인
J18_S006720,배송확인
J19_S036247,서비스이용
J19_S036753,서비스이용
J18_S018272,환불요청
J19_S003487,환불요청
J18_S021826,교환반품
J17_S002067,서비스이용
J19_S029343,환불요청
J18_S014245,환불요청
J18_S012760,주문취소
J17_S004653,배송확인
J17_S002339,서비스이용
J19_S005505,환불요청
J19_S031398,환불요청
J19_S038295,서비스이용
J19_S006579,환불요청
J19_S008902,구매진행
J18_S021930,환불요청
J19_S015484,서비스이용
J19_S001205,불만제기
J19_S018072,환불요청
J19_S018646,구매진행
J19_S036648,교환반품
J18_S014404,불만제기
J17_S002251,서비스이용
J18_S014932,배송확인
J18_S004500,불만제기
J19_S000206,환불요청
J19_S031553,주문취소
J19_S009178,구매진행
J18_S004520,교환반품
J19_S031241,환불요청
J19_S031150,환불요청
J18_S008744,서비스이용
J16_S001214,서비스이용
J18_S020109,배송확인
J19_S034515,서비스이용
J18_S007741,서비스이용
J17_S005636,서비스이용
J18_S020128,배송확인
J18_S022429,불만제기
J16_S002639,서비스이용
J19_S005444,주문취소
J18_S011236,환불요청
J19_S021563,환불요청
J18_S014095,불만제기
J19_S023144,환불요청
J19_S037388,환불요청
J19_S021038,환불요청
J18_S021752,서비스이용
J18_S008338,교환반품
J19_S031536,불만제기
J18_S008649,교환반품
J18_S010475,환불요청
J19_S024582,불만제기
J19_S019979,환불요청
J18_S011499,배송확인
J18_S010052,환불요청
J19_S005071,환불요청
J18_S015331,환불요청
J19_S013658,환불요청
J18_S019179,배송확인
J18_S018560,환불요청
J18_S008304,환불요청
J19_S016299,주문취소
J19_S024134,서비스이용
J19_S032889,서비스이용
J19_S025407,환불요청
J18_S017131,교환반품
J18_S011510,교환반품
J18_S004189,배송확인
J18_S018549,배송확인
J18_S014893,배송확인
J18_S000145,서비스이용
J19_S030959,교환반품
J19_S025361,환불요청
J19_S021555,환불요청
J19_S000066,환불요청
J17_S004789,서비스이용
J16_S004524,서비스이용
J18_S017428,배송확인
J18_S011832,불만제기
J17_S001019,서비스이용
J19_S025175,환불요청
J19_S024097,불만제기
J19_S014139,구매진행
J18_S022528,주문취소
J16_S002623,환불요청
J18_S012220,교환반품
J19_S025006,불만제기
J18_S001808,배송확인
J19_S007318,환불요청
J19_S031108,환불요청
J18_S010761,불만제기
J18_S020184,불만제기
J19_S006224,환불요청
J16_S006925,서비스이용
J19_S025032,환불요청
J19_S019583,불만제기
J18_S007070,환불요청
J17_S000470,환불요청
J19_S026913,배송확인
J18_S018353,불만제기
J19_S035060,환불요청
J19_S006310,서비스이용
J19_S003812,환불요청
J19_S036335,배송확인
J17_S000149,환불요청
J18_S005588,배송확인
J17_S000529,서비스이용
J18_S015376,환불요청
J19_S035242,불만제기
J19_S025323,환불요청
J19_S009147,환불요청
J19_S015736,환불요청
J18_S001404,불만제기
J19_S004363,환불요청
J18_S009219,환불요청
J19_S001273,환불요청
J16_S004283,서비스이용
J19_S030705,환불요청
J18_S019147,배송확인
J19_S028006,서비스이용
J18_S016220,환불요청
J19_S017764,환불요청
J19_S009968,불만제기
J19_S018444,서비스이용
J19_S015786,환불요청
J18_S002194,불만제기
J19_S035051,불만제기
J19_S008309,환불요청
J19_S012031,불만제기
J19_S031998,환불요청
J17_S003132,서비스이용
J16_S003132,서비스이용
J16_S006779,서비스이용
J16_S003728,서비스이용
J18_S004517,배송확인
J18_S006890,환불요청
J19_S037680,교환반품
J18_S018323,불만제기
J17_S001811,서비스이용
J18_S014870,교환반품
J18_S018011,환불요청
J17_S006351,서비스이용
J18_S001933,배송확인
J19_S021638,환불요청
J19_S017778,환불요청
J17_S005867,서비스이용
J19_S019990,주문취소
J16_S005796,서비스이용
J19_S001655,주문취소
J18_S019963,서비스이용
J19_S007129,환불요청
J16_S004564,서비스이용
J18_S008823,불만제기
J17_S005831,서비스이용
J16_S004529,서비스이용
J18_S002666,배송확인
J19_S022053,환불요청
J18_S010960,환불요청
J19_S028237,구매진행
J18_S008626,서비스이용
J19_S010359,환불요청
J18_S011349,환불요청
J18_S012320,환불요청
J19_S027948,환불요청
J19_S029805,환불요청
J19_S024061,환불요청
J18_S005053,불만제기
J17_S001024,서비스이용
J19_S009751,환불요청
J19_S012386,환불요청
J16_S002074,서비스이용
J18_S012514,환불요청
J19_S032662,서비스이용
J19_S033113,구매진행
J18_S016386,환불요청
J18_S006059,서비스이용
J19_S021578,환불요청
J18_S001484,환불요청
J18_S009637,환불요청
J16_S001423,서비스이용
J16_S004615,서비스이용
J19_S024634,환불요청
J19_S014402,환불요청
J16_S000626,서비스이용
J19_S004851,불만제기
J18_S022900,불만제기
J19_S024647,주문취소
J19_S023981,환불요청
J19_S002549,환불요청
J18_S006935,배송확인
J19_S027089,환불요청
J19_S017414,환불요청
J18_S021072,교환반품
J18_S007703,불만제기
J18_S005579,배송확인
J18_S005541,불만제기
J19_S030931,주문취소
J16_S005932,서비스이용
J19_S033280,교환반품
J18_S009818,배송확인
J17_S003286,서비스이용
J17_S000560,서비스이용
J19_S033209,교환반품
J19_S002600,환불요청
J18_S002916,교환반품
J19_S020384,환불요청
J18_S006032,환불요청
J18_S003783,불만제기
J18_S012354,교환반품
J18_S022232,서비스이용
J19_S032484,환불요청
J18_S019075,환불요청
J17_S005826,서비스이용
J19_S013373,환불요청
J19_S030483,환불요청
J19_S003591,환불요청
J19_S003962,환불요청
J19_S014980,환불요청
J18_S001651,불만제기
J17_S000522,서비스이용
J19_S024323,환불요청
J19_S034825,서비스이용
J19_S020637,환불요청
J19_S015338,환불요청
J17_S005336,구매진행
J19_S003577,환불요청
J19_S005485,환불요청
J19_S017407,환불요청
J18_S005269,불만제기
J18_S019462,교환반품
J17_S000115,서비스이용
J18_S004872,불만제기
J17_S001630,서비스이용
J19_S015662,환불요청
J19_S031488,환불요청
J18_S015545,환불요청
J19_S027313,환불요청
J19_S008722,서비스이용
J19_S034717,교환반품
J18_S012899,환불요청
J18_S014582,불만제기
J19_S036816,교환반품
J18_S010874,환불요청
J18_S016237,환불요청
J18_S006474,불만제기
J19_S013513,환불요청
J19_S030690,배송확인
J18_S002620,불만제기
J19_S033529,환불요청
J18_S016136,교환반품
J19_S019574,환불요청
J19_S009762,구매진행
J18_S003269,환불요청
J16_S003105,서비스이용
J19_S036778,구매진행
J16_S005032,서비스이용
J19_S013145,환불요청
J19_S003184,환불요청
J19_S020762,불만제기
J18_S004959,환불요청
J19_S024228,환불요청
J18_S003713,배송확인
J18_S000861,교환반품
J16_S003581,서비스이용
J18_S009631,배송확인
J16_S006320,서비스이용
J19_S011956,환불요청
J18_S018010,교환반품
J19_S022954,환불요청
J16_S001794,서비스이용
J19_S016194,환불요청
J18_S015834,불만제기
J18_S010703,배송확인
J17_S002749,서비스이용
J19_S011312,환불요청
J18_S014864,환불요청
J19_S033618,환불요청
J17_S005216,서비스이용
J19_S008483,환불요청
J17_S005394,서비스이용
J18_S005757,환불요청
J19_S033420,환불요청
J19_S020067,환불요청
J16_S003345,서비스이용
J19_S016514,구매진행
J18_S018698,불만제기
J18_S016601,불만제기
J18_S008611,교환반품
J19_S033788,주문취소
J19_S031043,불만제기
J18_S018712,환불요청
J16_S006957,서비스이용
J17_S004875,서비스이용
J19_S013837,구매진행
J16_S002619,서비스이용
J18_S000467,배송확인
J19_S032800,불만제기
J19_S023600,환불요청
J19_S009832,환불요청
J17_S006668,서비스이용
J18_S009231,배송확인
J19_S027452,구매진행
J18_S022328,배송확인
J16_S000523,서비스이용
J19_S016367,환불요청
J19_S018824,환불요청
J18_S005539,환불요청
J19_S032452,주문취소
J19_S005502,환불요청
J18_S018451,환불요청
J19_S021684,환불요청
J19_S018365,구매진행
J18_S008848,배송확인
J18_S018310,배송확인
J19_S010092,서비스이용
J19_S019764,구매진행
J18_S019704,불만제기
J18_S008010,환불요청
J19_S014835,환불요청
J16_S001331,서비스이용
J18_S008578,환불요청
J16_S004067,서비스이용
J18_S022849,교환반품
J18_S004647,배송확인
J19_S017578,환불요청
J17_S003503,서비스이용
J18_S003503,환불요청
J19_S015483,구매진행
J18_S006193,주문취소
J19_S030025,구매진행
J18_S013081,환불요청
J19_S013205,구매진행
J17_S001778,서비스이용
J19_S013914,환불요청
J16_S006820,서비스이용
J19_S006337,환불요청
J18_S013882,교환반품
J16_S002759,서비스이용
J18_S020118,교환반품
J19_S020198,불만제기
J19_S037651,불만제기
J19_S008477,구매진행
J18_S021153,불만제기
J19_S004362,환불요청
J19_S002505,서비스이용
J19_S025542,환불요청
J17_S003647,서비스이용
J18_S021919,배송확인
J18_S015868,환불요청
J18_S002364,환불요청
J18_S021995,환불요청
J18_S000636,환불요청
J19_S015813,환불요청
J18_S011631,교환반품
J18_S019096,불만제기
J19_S019697,환불요청
J19_S018561,구매진행
J19_S003140,환불요청
J18_S007376,환불요청
J18_S006274,배송확인
J18_S002205,교환반품
J17_S002663,서비스이용
J19_S023199,환불요청
J17_S006482,불만제기
J18_S014640,교환반품
J19_S021746,환불요청
J19_S024992,불만제기
J19_S016005,환불요청
J18_S014335,환불요청
J18_S022872,교환반품
J19_S035653,환불요청
J19_S015000,환불요청
J19_S028728,환불요청
J18_S005170,교환반품
J19_S026375,환불요청
J17_S000556,서비스이용
J19_S036123,주문취소
J18_S010047,불만제기
J19_S026579,구매진행
J19_S004889,환불요청
J19_S020939,환불요청
J18_S002121,불만제기
J19_S037496,환불요청
J19_S006693,환불요청
J18_S013059,환불요청
J19_S026967,환불요청
J19_S028360,환불요청
J19_S001287,환불요청
J18_S014484,교환반품
J16_S005821,서비스이용
J18_S013204,교환반품
J18_S002400,환불요청
J19_S033535,불만제기
J19_S027066,서비스이용
J19_S018864,서비스이용
J18_S012781,환불요청
J19_S011430,환불요청
J18_S009173,불만제기
J18_S009346,불만제기
J16_S000533,서비스이용
J19_S001977,환불요청
J19_S021900,불만제기
J19_S026825,불만제기
J19_S004264,환불요청
J18_S003814,불만제기
J19_S024188,환불요청
J17_S003714,서비스이용
J18_S005439,배송확인
J19_S024197,구매진행
J19_S006471,환불요청
J16_S006690,서비스이용
J18_S021174,교환반품
J19_S018101,주문취소
J19_S019351,환불요청
J16_S006478,서비스이용
J19_S015341,환불요청
J19_S020201,환불요청
J18_S015073,배송확인
J19_S026993,환불요청
J19_S019011,환불요청
J19_S014097,주문취소
J19_S013487,환불요청
J17_S005619,서비스이용
J17_S002742,서비스이용
J18_S004272,불만제기
J16_S003003,서비스이용
J16_S005549,서비스이용
J16_S000936,서비스이용
J18_S007540,불만제기
J16_S004872,불만제기
J19_S018463,불만제기
J19_S017450,환불요청
J18_S015680,환불요청
J18_S006220,배송확인
J18_S014590,불만제기
J18_S012194,교환반품
J18_S002454,배송확인
J18_S009578,교환반품
J18_S007564,교환반품
J18_S000258,배송확인
J16_S002557,서비스이용
J19_S025215,환불요청
J18_S003998,배송확인
J19_S004675,구매진행
J18_S008812,서비스이용
J16_S000159,서비스이용
J17_S002884,서비스이용
J17_S005842,서비스이용
J18_S021948,교환반품
J18_S022138,환불요청
J18_S013293,환불요청
J18_S014181,불만제기
J19_S035954,불만제기
J17_S004015,서비스이용
J19_S027931,환불요청
J19_S023273,구매진행
J19_S031958,불만제기
J19_S037080,환불요청
J19_S017901,환불요청
J19_S019945,환불요청
J19_S033785,환불요청
J19_S025748,불만제기
J18_S022905,환불요청
J18_S022513,서비스이용
J19_S010113,환불요청
J18_S006308,불만제기
J18_S006349,교환반품
J19_S023497,불만제기
J19_S021114,환불요청
J17_S003608,서비스이용
J19_S032621,불만제기
J18_S023221,불만제기
J19_S037415,교환반품
J17_S001780,서비스이용
J19_S002418,환불요청
J18_S003580,배송확인
J18_S021824,배송확인
J18_S015085,교환반품
J18_S015201,환불요청
J19_S008710,불만제기
J19_S002565,환불요청
J18_S001981,배송확인
J19_S036706,환불요청
J19_S000544,주문취소
J19_S004252,환불요청
J16_S004096,서비스이용
J18_S005718,서비스이용
J19_S007119,서비스이용
J18_S014160,불만제기
J16_S006226,서비스이용
J18_S016183,불만제기
J19_S032695,환불요청
J19_S028423,환불요청
J16_S001419,서비스이용
J18_S013858,환불요청
J17_S004419,서비스이용
J19_S015946,서비스이용
J19_S035099,환불요청
J18_S016754,배송확인
J19_S027343,불만제기
J18_S001234,불만제기
J19_S029581,불만제기
J19_S031367,불만제기
J18_S013479,불만제기
J19_S006545,환불요청
J19_S035698,불만제기
J19_S034686,교환반품
J19_S027556,배송확인
J18_S008480,불만제기
J19_S034278,불만제기
J19_S001848,환불요청
J19_S004892,환불요청
J18_S004053,불만제기
J18_S007723,불만제기
J19_S024054,주문취소
J19_S030506,배송확인
J19_S036914,환불요청
J19_S035519,교환반품
J18_S008362,환불요청
J19_S012401,불만제기
J18_S003970,불만제기
J18_S014908,환불요청
J18_S000063,배송확인
J19_S010414,환불요청
J16_S002904,서비스이용
J19_S030042,불만제기
J19_S018350,주문취소
J19_S035443,환불요청
J16_S001860,서비스이용
J19_S013526,불만제기
J18_S003248,환불요청
J19_S011293,불만제기
J18_S006188,교환반품
J16_S004169,서비스이용
J18_S012403,환불요청
J18_S009204,교환반품
J18_S013113,교환반품
J18_S020679,배송확인
J19_S004941,환불요청
J18_S018209,환불요청
J19_S026273,환불요청
J19_S002511,불만제기
J18_S010237,배송확인
J18_S022154,환불요청
J16_S003117,서비스이용
J18_S005403,불만제기
J18_S018447,배송확인
J18_S006394,환불요청
J19_S026038,불만제기
J18_S002624,배송확인
J19_S006565,주문취소
J19_S013178,불만제기
J18_S002515,불만제기
J18_S012425,배송확인
J18_S002301,교환반품
J19_S024365,환불요청
J19_S029018,환불요청
J18_S016877,교환반품
J18_S012177,배송확인
J19_S030534,불만제기
J17_S000933,서비스이용
J17_S002324,서비스이용
J19_S026526,서비스이용
J17_S004547,서비스이용
J19_S016360,불만제기
J19_S018793,서비스이용
J18_S011306,환불요청
J19_S034211,구매진행
J17_S000499,서비스이용
J18_S011821,환불요청
J19_S026305,주문취소
J18_S015501,서비스이용
J18_S013331,배송확인
J18_S003865,배송확인
J19_S032930,환불요청
J18_S015649,교환반품
J16_S002194,서비스이용
J16_S000225,서비스이용
J19_S030126,불만제기
J19_S032450,환불요청
J19_S013501,서비스이용
J18_S021447,환불요청
J18_S012980,불만제기
J19_S034460,환불요청
J16_S001122,서비스이용
J18_S012661,불만제기
J17_S002532,불만제기
J17_S002810,서비스이용
J17_S001568,환불요청
J16_S004640,서비스이용
J17_S003052,서비스이용
J18_S020712,교환반품
J18_S013609,배송확인
J18_S015650,배송확인
J19_S010242,서비스이용
J18_S017276,불만제기
J18_S019705,환불요청
J18_S001799,환불요청
J19_S008924,환불요청
J19_S003098,환불요청
J18_S020091,환불요청
J19_S001542,환불요청
J19_S028978,환불요청
J18_S007971,교환반품
J16_S000262,서비스이용
J19_S014335,환불요청
J19_S009314,서비스이용
J19_S033396,교환반품
J16_S001124,서비스이용
J19_S026139,환불요청
J18_S011118,환불요청
J19_S018187,환불요청
J19_S014159,구매진행
J19_S013058,환불요청
J18_S008327,환불요청
J19_S024972,환불요청
J18_S016114,서비스이용
J19_S001091,환불요청
J17_S005107,서비스이용
J17_S005467,서비스이용
J16_S005860,서비스이용
J16_S003048,서비스이용
J19_S015254,환불요청
J18_S005728,환불요청
J19_S035575,배송확인
J19_S009720,환불요청
J19_S025014,환불요청
J19_S028107,환불요청
J19_S037407,환불요청
J16_S004544,서비스이용
J19_S032882,환불요청
J18_S009247,배송확인
J19_S036879,배송확인
J18_S008275,배송확인
J18_S012459,배송확인
J19_S036152,배송확인
J17_S005682,서비스이용
J19_S029438,교환반품
J18_S002138,교환반품
J17_S003333,서비스이용
J18_S014372,환불요청
J19_S015252,불만제기
J16_S001956,서비스이용
J19_S006704,환불요청
J17_S003545,서비스이용
J19_S002188,환불요청
J18_S017031,배송확인
J18_S021058,불만제기
J18_S012277,불만제기
J19_S002091,서비스이용
J18_S001260,환불요청
J18_S022023,교환반품
J19_S022506,환불요청
J16_S003119,서비스이용
J19_S013776,환불요청
J19_S030338,교환반품
J16_S006272,환불요청
J19_S030777,환불요청
J16_S004581,서비스이용
J19_S018037,환불요청
J18_S011714,환불요청
J19_S011741,구매진행
J19_S022477,환불요청
J18_S019434,배송확인
J19_S026732,배송확인
J18_S019335,배송확인
J19_S036913,환불요청
J19_S031987,불만제기
J16_S006943,서비스이용
J19_S020317,불만제기
J18_S018415,환불요청
J19_S013249,불만제기
J19_S009624,주문취소
J19_S025499,서비스이용
J18_S022392,환불요청
J18_S017297,서비스이용
J19_S021216,구매진행
J17_S003785,서비스이용
J19_S012385,서비스이용
J18_S004262,교환반품
J19_S020733,주문취소
J19_S011986,환불요청
J19_S018268,환불요청
J19_S037138,서비스이용
J18_S002384,불만제기
J19_S022866,서비스이용
J16_S004033,서비스이용
J18_S011667,교환반품
J19_S022403,환불요청
J18_S013307,불만제기
J17_S005301,서비스이용
J17_S001782,서비스이용
J17_S002017,서비스이용
J18_S002885,배송확인
J19_S015153,환불요청
J19_S019681,환불요청
J19_S028682,환불요청
J17_S004527,서비스이용
J19_S002923,서비스이용
J19_S029972,환불요청
J19_S031631,환불요청
J18_S002263,환불요청
J19_S034502,불만제기
J19_S013215,환불요청
J18_S009380,주문취소
J18_S020174,배송확인
J19_S003538,서비스이용
J18_S009982,배송확인
J16_S001222,서비스이용
J18_S004767,배송확인
J18_S010896,환불요청
J17_S006481,서비스이용
J17_S001171,서비스이용
J18_S022271,불만제기
J19_S036614,배송확인
J19_S030230,환불요청
J19_S022707,서비스이용
J19_S012681,서비스이용
J19_S020186,환불요청
J19_S024839,환불요청
J17_S001789,서비스이용
J16_S006718,서비스이용
J18_S018387,교환반품
J18_S006594,배송확인
J19_S022982,환불요청
J18_S020708,교환반품
J19_S017332,환불요청
J19_S028997,환불요청
J19_S015110,환불요청
J19_S008372,환불요청
J19_S011863,환불요청
J18_S002649,불만제기
J18_S007170,교환반품
J19_S030564,환불요청
J19_S012600,환불요청
J18_S015241,불만제기
J16_S000278,서비스이용
J18_S000859,교환반품
J19_S007946,서비스이용
J17_S003898,서비스이용
J19_S004878,환불요청
J19_S009364,불만제기
J19_S014736,서비스이용
J18_S010724,환불요청
J18_S018264,배송확인
J18_S010691,구매진행
J19_S022353,환불요청
J18_S004653,불만제기
J19_S031660,주문취소
J19_S024723,환불요청
J19_S034509,주문취소
J18_S015078,배송확인
J18_S013039,환불요청
J19_S022064,배송확인
J19_S020369,환불요청
J18_S019003,불만제기
J19_S007905,환불요청
J19_S003422,환불요청
J19_S035105,환불요청
J19_S014816,환불요청
J18_S015301,교환반품
J19_S018770,배송확인
J18_S005033,환불요청
J18_S009474,환불요청
J16_S001247,서비스이용
J18_S017037,환불요청
J18_S000271,배송확인
J18_S008605,환불요청
J19_S012706,불만제기
J19_S019177,환불요청
J19_S028356,구매진행
J19_S014787,환불요청
J18_S021053,환불요청
J19_S022760,구매진행
J19_S034458,불만제기
J19_S016568,환불요청
J18_S010479,배송확인
J19_S008146,구매진행
J19_S029984,환불요청
J19_S011491,환불요청
J16_S000972,서비스이용
J16_S004891,서비스이용
J18_S012433,불만제기
J19_S030753,환불요청
J18_S011848,환불요청
J18_S001664,서비스이용
J17_S005551,서비스이용
J18_S009241,교환반품
J19_S000924,환불요청
J18_S022981,교환반품
J19_S033236,구매진행
J19_S023724,환불요청
J19_S013120,환불요청
J17_S000177,불만제기
J19_S029652,환불요청
J18_S016412,배송확인
J19_S027628,환불요청
J18_S002150,환불요청
J17_S002815,구매진행
J18_S010280,서비스이용
J19_S038325,환불요청
J17_S004498,서비스이용
J19_S029076,환불요청
J19_S028370,환불요청
J18_S018346,교환반품
J19_S012164,환불요청
J16_S003874,서비스이용
J16_S003221,서비스이용
J18_S001764,배송확인
J19_S026045,주문취소
J19_S024916,환불요청
J19_S000240,불만제기
J19_S033804,환불요청
J19_S023287,서비스이용
J19_S038236,서비스이용
J18_S000242,교환반품
J18_S010179,환불요청
J19_S037261,환불요청
J19_S005125,환불요청
J18_S020062,불만제기
J19_S029303,환불요청
J17_S003626,서비스이용
J18_S014519,배송확인
J19_S024739,환불요청
J18_S022739,주문취소
J19_S026989,불만제기
J19_S013550,환불요청
J19_S008915,서비스이용
J16_S005668,서비스이용
J18_S021745,구매진행
J17_S002463,서비스이용
J19_S000152,환불요청
J18_S003797,교환반품
J19_S025719,환불요청
J18_S012269,불만제기
J16_S002297,서비스이용
J18_S001940,교환반품
J19_S010852,주문취소
J19_S003301,환불요청
J19_S018848,환불요청
J18_S013140,환불요청
J16_S000336,서비스이용
J19_S011352,서비스이용
J18_S010745,교환반품
J16_S002866,서비스이용
J19_S030265,환불요청
J19_S019742,환불요청
J16_S003335,서비스이용
J19_S003436,서비스이용
J19_S037468,환불요청
J19_S014403,환불요청
J18_S011733,환불요청
J17_S000210,구매진행
J18_S020447,교환반품
J18_S000687,배송확인
J17_S002215,서비스이용
J19_S027007,환불요청
J19_S036991,불만제기
J19_S032873,환불요청
J19_S036256,교환반품
J16_S000760,서비스이용
J19_S019226,환불요청
J19_S010559,불만제기
J19_S001475,환불요청
J19_S017245,구매진행
J19_S005628,환불요청
J19_S005927,환불요청
J18_S020584,환불요청
J19_S034962,환불요청
J18_S000790,환불요청
J19_S022907,환불요청
J18_S003742,환불요청
J18_S001757,불만제기
J16_S001581,서비스이용
J18_S015533,교환반품
J19_S015035,환불요청
J18_S015551,환불요청
J19_S028073,환불요청
J19_S032212,서비스이용
J19_S021174,주문취소
J19_S005522,불만제기
J18_S002276,환불요청
J18_S009085,교환반품
J19_S013041,환불요청
J18_S017177,배송확인
J18_S011607,교환반품
J19_S011698,환불요청
J19_S002089,환불요청
J16_S005035,서비스이용
J19_S013560,환불요청
J18_S010856,교환반품
J19_S000782,환불요청
J17_S002961,서비스이용
J18_S019371,배송확인
J19_S003307,환불요청
J18_S005123,불만제기
J17_S003281,서비스이용
J19_S034016,서비스이용
J19_S027211,환불요청
J19_S031817,불만제기
J18_S018970,배송확인
J19_S022865,환불요청
J19_S027642,환불요청
J16_S003453,서비스이용
J16_S001902,서비스이용
J16_S003201,서비스이용
J19_S026680,환불요청
J17_S002247,환불요청
J18_S000381,환불요청
J19_S033577,환불요청
J19_S015626,환불요청
J18_S006893,환불요청
J18_S003826,불만제기
J19_S028390,환불요청
J18_S005845,불만제기
J19_S013603,환불요청
J18_S011515,교환반품
J19_S007495,환불요청
J17_S006486,구매진행
J18_S020080,환불요청
J18_S008187,환불요청
J19_S030276,환불요청
J19_S003576,환불요청
J19_S017770,구매진행
J17_S005339,서비스이용
J17_S006048,서비스이용
J19_S024990,불만제기
J17_S000205,서비스이용
J17_S004211,서비스이용
J19_S033457,환불요청
J18_S014834,교환반품
J18_S016799,환불요청
J18_S010188,불만제기
J19_S032545,환불요청
J19_S026782,환불요청
J19_S008779,서비스이용
J19_S014158,환불요청
J19_S036047,환불요청
J18_S022703,배송확인
J19_S013977,환불요청
J19_S035368,구매진행
J19_S035255,불만제기
J18_S015836,불만제기
J16_S000912,서비스이용
J16_S000605,서비스이용
J19_S029226,주문취소
J19_S024089,환불요청
J19_S014740,환불요청
J19_S015040,주문취소
J18_S011696,불만제기
J17_S001118,서비스이용
J18_S022301,환불요청
J19_S015703,주문취소
J18_S015917,교환반품
J19_S005047,환불요청
J19_S008616,불만제기
J19_S019884,환불요청
J19_S017689,환불요청
J18_S016560,교환반품
J18_S019020,교환반품
J19_S026905,구매진행
J18_S009408,주문취소
J19_S023107,환불요청
J19_S029182,주문취소
J16_S000120,서비스이용
J19_S024344,환불요청
J19_S032693,불만제기
J16_S000073,서비스이용
J17_S005519,서비스이용
J18_S003365,불만제기
J18_S007456,배송확인
J17_S006443,서비스이용
J19_S036653,주문취소
J19_S033144,환불요청
J19_S004721,배송확인
J19_S007281,환불요청
J19_S036475,배송확인
J18_S019507,환불요청
J18_S010118,교환반품
J18_S013279,배송확인
J18_S001051,환불요청
J19_S015953,구매진행
J18_S003711,환불요청
J19_S033607,환불요청
J18_S010604,배송확인
J18_S013371,불만제기
J19_S037285,불만제기
J18_S005955,교환반품
J19_S022679,환불요청
J19_S015782,주문취소
J17_S005642,서비스이용
J18_S004634,불만제기
J18_S005740,불만제기
J18_S014705,환불요청
J19_S002990,서비스이용
J18_S017350,서비스이용
J19_S014690,환불요청
J18_S001413,교환반품
J19_S009487,주문취소
J19_S036537,환불요청
J19_S017468,구매진행
J19_S008798,환불요청
J18_S016152,교환반품
J16_S003236,서비스이용
J17_S002542,서비스이용
J17_S005635,서비스이용
J18_S019533,배송확인
J18_S009117,교환반품
J16_S005160,서비스이용
J18_S020190,교환반품
J19_S037935,환불요청
J18_S012833,배송확인
J18_S010472,불만제기
J18_S009959,환불요청
J17_S004585,서비스이용
J19_S001770,환불요청
J19_S033957,교환반품
J18_S011722,환불요청
J19_S011437,환불요청
J19_S033547,불만제기
J19_S005964,구매진행
J18_S005412,교환반품
J19_S001825,환불요청
J17_S000984,서비스이용
J16_S000943,서비스이용
J18_S012524,교환반품
J17_S006413,불만제기
J18_S019458,배송확인
J16_S001165,서비스이용
J18_S020940,환불요청
J19_S031585,교환반품
J18_S020510,서비스이용
J18_S019729,불만제기
J19_S029345,불만제기
J18_S007969,환불요청
J19_S005260,주문취소
J17_S000067,불만제기
J19_S022221,구매진행
J17_S002850,서비스이용
J19_S012747,구매진행
J19_S037696,불만제기
J18_S021726,환불요청
J18_S022529,구매진행
J19_S011231,서비스이용
J19_S019833,환불요청
J18_S007769,환불요청
J17_S003809,서비스이용
J19_S011251,환불요청
J18_S017533,교환반품
J18_S020129,환불요청
J18_S019383,배송확인
J19_S031754,구매진행
J19_S025974,환불요청
J19_S018485,환불요청
J19_S031123,교환반품
J19_S018771,환불요청
J18_S000403,배송확인
J17_S006456,서비스이용
J18_S015735,서비스이용
J19_S029307,불만제기
J18_S014201,환불요청
J19_S006757,환불요청
J19_S007860,주문취소
J19_S002096,구매진행
J19_S002898,환불요청
J18_S019109,교환반품
J18_S019660,환불요청
J19_S001370,환불요청
J18_S002567,교환반품
J17_S002133,서비스이용
J18_S014785,불만제기
J18_S019227,교환반품
J19_S028473,구매진행
J19_S022921,환불요청
J19_S025354,환불요청
J18_S021926,구매진행
J19_S032394,환불요청
J17_S000070,서비스이용
J19_S017067,환불요청
J16_S005269,서비스이용
J18_S014929,불만제기
J16_S000899,서비스이용
J17_S006719,서비스이용
J19_S022689,환불요청
J19_S033856,불만제기
J19_S005991,환불요청
J18_S015421,배송확인
J19_S013321,환불요청
J18_S006100,불만제기
J18_S004667,배송확인
J19_S012558,환불요청
J19_S016107,환불요청
J19_S035103,환불요청
J18_S004345,교환반품
J18_S014119,환불요청
J18_S001300,불만제기
J16_S000875,서비스이용
J18_S015434,불만제기
J18_S009984,배송확인
J18_S013817,환불요청
J18_S009091,불만제기
J19_S007770,서비스이용
J18_S013764,교환반품
J19_S026072,구매진행
J18_S004863,교환반품
J19_S024828,구매진행
J16_S000418,서비스이용
J18_S022098,교환반품
J16_S001046,서비스이용
J19_S016078,환불요청
J18_S017654,교환반품
J19_S027048,환불요청
J18_S021200,배송확인
J19_S019216,불만제기
J18_S013923,환불요청
J19_S036894,불만제기
J19_S031573,불만제기
J19_S014001,환불요청
J17_S006153,구매진행
J19_S015224,환불요청
J18_S007393,배송확인
J18_S012478,배송확인
J19_S002278,구매진행
J16_S002089,서비스이용
J16_S002708,서비스이용
J18_S012768,배송확인
J17_S004501,서비스이용
J18_S009618,교환반품
J19_S009620,환불요청
J18_S001623,배송확인
J16_S000042,서비스이용
J18_S006815,교환반품
J19_S036878,서비스이용
J19_S021932,구매진행
J18_S019018,배송확인
J18_S005215,교환반품
J16_S003081,서비스이용
J19_S006114,환불요청
J19_S017611,구매진행
J19_S001695,서비스이용
J18_S015317,교환반품
J19_S038178,교환반품
J19_S019611,환불요청
J18_S002741,환불요청
J17_S005724,서비스이용
J19_S038279,배송확인
J19_S007719,환불요청
J16_S005555,서비스이용
J19_S001481,서비스이용
J19_S024849,환불요청
J18_S006575,환불요청
J18_S017047,환불요청
J17_S001299,서비스이용
J17_S006643,서비스이용
J16_S001639,서비스이용
J17_S001607,서비스이용
J19_S002608,주문취소
J17_S005029,서비스이용
J18_S007412,배송확인
J17_S003098,서비스이용
J18_S002017,배송확인
J18_S009034,교환반품
J19_S003555,서비스이용
J19_S011736,구매진행
J19_S015683,구매진행
J18_S014310,배송확인
J19_S007442,구매진행
J19_S010944,환불요청
J19_S025167,환불요청
J19_S025509,환불요청
J19_S036436,구매진행
J19_S011903,환불요청
J19_S034874,환불요청
J18_S022136,환불요청
J18_S021310,서비스이용
J16_S002942,서비스이용
J18_S010307,교환반품
J17_S000363,서비스이용
J18_S018731,환불요청
J19_S011349,서비스이용
J19_S038216,환불요청
J19_S020039,서비스이용
J18_S008723,교환반품
J18_S015153,환불요청
J19_S032165,구매진행
J16_S001802,서비스이용
J19_S025248,환불요청
J18_S002360,교환반품
J19_S016006,불만제기
J18_S013351,환불요청
J18_S018885,환불요청
J19_S020469,서비스이용
J19_S005774,환불요청
J18_S000155,환불요청
J19_S030671,배송확인
J18_S018075,교환반품
J18_S018073,배송확인
J19_S005422,환불요청
J18_S002268,배송확인
J18_S023308,서비스이용
J18_S021510,불만제기
J19_S009067,환불요청
J18_S007441,환불요청
J19_S026015,환불요청
J18_S021375,환불요청
J19_S026227,환불요청
J19_S037568,구매진행
J19_S014160,서비스이용
J16_S001575,서비스이용
J19_S038302,교환반품
J19_S012514,환불요청
J19_S028379,구매진행
J19_S002443,환불요청
J18_S019861,교환반품
J19_S011500,환불요청
J18_S003260,배송확인
J19_S037397,환불요청
J19_S025754,환불요청
J19_S003204,불만제기
J19_S021094,환불요청
J19_S029318,교환반품
J18_S011026,배송확인
J19_S009040,환불요청
J19_S031954,환불요청
J17_S003517,서비스이용
J16_S002392,서비스이용
J19_S017022,환불요청
J18_S015506,환불요청
J19_S017748,불만제기
J18_S016948,불만제기
J17_S003805,서비스이용
J18_S007106,불만제기
J19_S025284,환불요청
J18_S003088,불만제기
J18_S004980,배송확인
J18_S015394,교환반품
J19_S001470,환불요청
J19_S029724,환불요청
J19_S014141,환불요청
J19_S029973,교환반품
J19_S034984,환불요청
J18_S007673,환불요청
J18_S002403,배송확인
J17_S002344,서비스이용
J18_S013091,서비스이용
J18_S011608,배송확인
J19_S011886,환불요청
J17_S001788,서비스이용
J17_S000706,서비스이용
J19_S036337,환불요청
J19_S021043,구매진행
J18_S003559,불만제기
J19_S026329,구매진행
J18_S015483,불만제기
J16_S002976,서비스이용
J17_S004167,서비스이용
J19_S023047,환불요청
J19_S006743,환불요청
J19_S019254,불만제기
J19_S027327,환불요청
J19_S012762,불만제기
J18_S003656,환불요청
J17_S005397,서비스이용
J19_S029619,환불요청
J19_S037349,환불요청
J18_S010273,교환반품
J19_S023084,환불요청
J18_S018621,교환반품
J19_S012621,환불요청
J18_S021164,교환반품
J19_S024529,환불요청
J16_S002166,서비스이용
J18_S011396,교환반품
J18_S015029,배송확인
J19_S024788,환불요청
J19_S017345,주문취소
J19_S017971,환불요청
J19_S018970,구매진행
J19_S018217,환불요청
J19_S031177,환불요청
J19_S021944,불만제기
J19_S034354,불만제기
J18_S022245,배송확인
J19_S009226,환불요청
J18_S017299,환불요청
J18_S013822,환불요청
J18_S010524,배송확인
J19_S001048,구매진행
J18_S005390,교환반품
J19_S005353,서비스이용
J19_S007041,환불요청
J17_S003106,서비스이용
J19_S004926,환불요청
J17_S001631,서비스이용
J19_S008663,서비스이용
J19_S004989,구매진행
J19_S029355,배송확인
J16_S004098,서비스이용
J19_S022118,불만제기
J16_S000821,불만제기
J18_S014714,환불요청
J19_S013752,환불요청
J18_S021701,배송확인
J18_S020937,배송확인
J19_S031867,주문취소
J16_S003556,서비스이용
J18_S001273,불만제기
J16_S002617,서비스이용
J18_S005876,환불요청
J18_S015514,환불요청
J19_S036916,서비스이용
J19_S036243,환불요청
J18_S014172,불만제기
J19_S013452,불만제기
J19_S020385,환불요청
J18_S006122,환불요청
J19_S007575,환불요청
J19_S031723,서비스이용
J18_S008036,불만제기
J19_S026217,환불요청
J18_S019349,불만제기
J19_S006178,환불요청
J19_S023137,구매진행
J18_S000521,배송확인
J16_S003271,서비스이용
J18_S018916,배송확인
J19_S021438,환불요청
J17_S005661,서비스이용
J19_S031087,배송확인
J19_S013515,구매진행
J19_S011107,환불요청
J19_S024999,주문취소
J19_S022564,환불요청
J19_S033125,환불요청
J18_S017471,불만제기
J18_S020405,교환반품
J18_S011408,환불요청
J18_S019050,환불요청
J18_S008903,배송확인
J18_S014456,교환반품
J18_S008072,환불요청
J16_S000129,서비스이용
J19_S002208,환불요청
J19_S013675,배송확인
J19_S032428,환불요청
J19_S000409,환불요청
J18_S017338,환불요청
J19_S037534,불만제기
J16_S001481,서비스이용
J19_S007833,환불요청
J19_S004149,서비스이용
J18_S017265,환불요청
J18_S004360,환불요청
J16_S001932,서비스이용
J19_S031296,환불요청
J19_S020115,환불요청
J17_S000768,서비스이용
J18_S003565,배송확인
J19_S020015,환불요청
J19_S000404,환불요청
J16_S000447,서비스이용
J18_S012132,교환반품
J19_S031493,불만제기
J18_S000669,교환반품
J18_S013603,환불요청
J17_S000098,서비스이용
J17_S006698,서비스이용
J19_S023435,불만제기
J18_S002795,배송확인
J19_S015774,환불요청
J16_S003396,서비스이용
J18_S001865,환불요청
J19_S028434,불만제기
J19_S024238,배송확인
J17_S000031,서비스이용
J18_S013732,교환반품
J16_S001163,서비스이용
J16_S002226,서비스이용
J16_S004511,서비스이용
J19_S018457,환불요청
J19_S037849,배송확인
J19_S019668,서비스이용
