call_id,gold_actual,A_N2_pred,is_mismatch
J17_S004359,서비스이용,구매진행,True
J19_S030447,주문취소,배송확인,True
J19_S032760,환불요청,구매진행,True
J18_S018396,주문취소,환불요청,True
J19_S034039,환불요청,주문취소,True
J18_S010416,교환반품,서비스이용,True
J17_S004709,서비스이용,교환반품,True
J18_S004803,불만제기,교환반품,True
J16_S000447,서비스이용,구매진행,True
J18_S018073,배송확인,불만제기,True
J19_S001170,환불요청,주문취소,True
J18_S013040,배송확인,구매진행,True
J18_S023308,서비스이용,구매진행,True
J18_S013267,불만제기,환불요청,True
J17_S003955,서비스이용,구매진행,True
J19_S024980,환불요청,주문취소,True
J18_S000063,배송확인,교환반품,True
J19_S037786,환불요청,불만제기,True
J19_S010897,환불요청,배송확인,True
J19_S003993,구매진행,서비스이용,True
J18_S017435,환불요청,불만제기,True
J18_S006957,배송확인,서비스이용,True
J17_S003844,서비스이용,구매진행,True
J18_S006037,불만제기,환불요청,True
J18_S012583,불만제기,배송확인,True
J18_S002147,교환반품,구매진행,True
J18_S000891,환불요청,서비스이용,True
J18_S011922,환불요청,교환반품,True
J18_S009183,환불요청,주문취소,True
J18_S016558,배송확인,교환반품,True
J18_S004227,교환반품,서비스이용,True
J19_S000072,환불요청,구매진행,True
J19_S003765,환불요청,서비스이용,True
J19_S012237,주문취소,구매진행,True
J18_S020717,환불요청,배송확인,True
J18_S018471,환불요청,주문취소,True
J19_S026913,배송확인,구매진행,True
J19_S017357,서비스이용,구매진행,True
J18_S022997,교환반품,배송확인,True
J19_S008208,환불요청,주문취소,True
J19_S024098,환불요청,주문취소,True
J19_S032268,환불요청,구매진행,True
J19_S015839,환불요청,배송확인,True
J18_S001233,배송확인,구매진행,True
J19_S026078,환불요청,주문취소,True
J19_S010016,환불요청,교환반품,True
J19_S001165,환불요청,구매진행,True
J18_S016947,배송확인,서비스이용,True
J19_S006823,환불요청,구매진행,True
J19_S005171,환불요청,주문취소,True
J19_S004118,환불요청,서비스이용,True
J19_S018365,구매진행,서비스이용,True
J19_S019247,환불요청,주문취소,True
J19_S019780,서비스이용,구매진행,True
J19_S016661,환불요청,구매진행,True
J18_S004786,배송확인,서비스이용,True
J19_S033788,주문취소,환불요청,True
J19_S011488,환불요청,주문취소,True
J18_S007106,불만제기,환불요청,True
J18_S011623,교환반품,배송확인,True
J19_S013321,환불요청,서비스이용,True
J19_S012367,환불요청,불만제기,True
J19_S007287,환불요청,주문취소,True
J17_S006764,서비스이용,배송확인,True
J18_S020444,불만제기,배송확인,True
J19_S022075,환불요청,서비스이용,True
J18_S002690,교환반품,배송확인,True
J19_S016616,구매진행,서비스이용,True
J19_S018000,환불요청,구매진행,True
J19_S014585,환불요청,주문취소,True
J18_S022785,환불요청,서비스이용,True
J16_S006913,주문취소,배송확인,True
J18_S016261,환불요청,교환반품,True
J18_S013223,교환반품,환불요청,True
J19_S032782,환불요청,불만제기,True
J17_S001349,서비스이용,구매진행,True
J19_S015095,환불요청,구매진행,True
J18_S021824,배송확인,서비스이용,True
J18_S007635,환불요청,주문취소,True
J19_S005174,서비스이용,환불요청,True
J18_S010612,배송확인,서비스이용,True
J19_S032602,환불요청,배송확인,True
J19_S002013,주문취소,구매진행,True
J17_S005976,서비스이용,구매진행,True
J19_S007604,구매진행,서비스이용,True
J18_S010722,배송확인,서비스이용,True
J19_S015646,서비스이용,구매진행,True
J18_S014714,환불요청,배송확인,True
J19_S001064,교환반품,구매진행,True
J19_S016514,구매진행,서비스이용,True
J19_S022213,환불요청,주문취소,True
J18_S022509,환불요청,서비스이용,True
J19_S017411,환불요청,주문취소,True
J19_S010368,환불요청,주문취소,True
J19_S025147,환불요청,주문취소,True
J19_S030239,환불요청,주문취소,True
J19_S020362,환불요청,서비스이용,True
J18_S001123,환불요청,주문취소,True
J17_S002887,구매진행,서비스이용,True
J18_S020697,교환반품,배송확인,True
J19_S011053,환불요청,배송확인,True
J19_S015809,환불요청,구매진행,True
J19_S019668,서비스이용,배송확인,True
J19_S032643,교환반품,구매진행,True
J18_S010188,불만제기,배송확인,True
J19_S032216,환불요청,서비스이용,True
J18_S008362,환불요청,서비스이용,True
J18_S009193,환불요청,주문취소,True
J19_S029349,환불요청,서비스이용,True
J19_S001018,환불요청,구매진행,True
J19_S035716,환불요청,불만제기,True
J19_S018052,주문취소,환불요청,True
J16_S006082,불만제기,배송확인,True
J18_S006421,교환반품,환불요청,True
J19_S004736,환불요청,구매진행,True
J19_S008109,교환반품,환불요청,True
J18_S005719,환불요청,서비스이용,True
J18_S018877,환불요청,배송확인,True
J19_S013601,환불요청,서비스이용,True
J18_S018223,교환반품,배송확인,True
J19_S029117,환불요청,주문취소,True
J19_S036845,환불요청,배송확인,True
J19_S018284,구매진행,배송확인,True
J18_S005544,교환반품,배송확인,True
J18_S010014,배송확인,구매진행,True
J19_S024634,환불요청,배송확인,True
J19_S028833,환불요청,주문취소,True
J19_S030063,환불요청,주문취소,True
J19_S007077,환불요청,서비스이용,True
J19_S028711,환불요청,주문취소,True
J17_S006443,서비스이용,구매진행,True
J18_S005860,환불요청,불만제기,True
J19_S031320,환불요청,교환반품,True
J18_S006546,불만제기,환불요청,True
J18_S022054,환불요청,주문취소,True
J18_S013446,배송확인,교환반품,True
J19_S025839,서비스이용,구매진행,True
J17_S003394,환불요청,배송확인,True
J17_S003947,서비스이용,불만제기,True
J17_S003563,서비스이용,불만제기,True
J19_S028716,환불요청,주문취소,True
J17_S004773,교환반품,서비스이용,True
J19_S001731,환불요청,구매진행,True
J18_S017908,환불요청,구매진행,True
J19_S028708,구매진행,환불요청,True
J19_S032603,환불요청,구매진행,True
J18_S018435,불만제기,환불요청,True
J18_S000145,서비스이용,환불요청,True
J19_S035320,환불요청,배송확인,True
J16_S003841,서비스이용,환불요청,True
J19_S022428,환불요청,서비스이용,True
J18_S013954,배송확인,서비스이용,True
J19_S017286,환불요청,구매진행,True
J19_S034047,배송확인,환불요청,True
J19_S011742,서비스이용,구매진행,True
J19_S000716,환불요청,구매진행,True
J17_S006489,교환반품,배송확인,True
J17_S002935,서비스이용,불만제기,True
J18_S006816,배송확인,구매진행,True
J19_S007088,환불요청,서비스이용,True
J16_S005415,서비스이용,배송확인,True
J19_S038287,배송확인,교환반품,True
J17_S002566,서비스이용,환불요청,True
J18_S010679,배송확인,환불요청,True
J19_S017737,환불요청,서비스이용,True
J19_S020351,주문취소,환불요청,True
J19_S025176,환불요청,구매진행,True
J19_S012400,구매진행,배송확인,True
J19_S007117,환불요청,주문취소,True
J18_S011487,교환반품,배송확인,True
J18_S005510,배송확인,환불요청,True
J18_S009410,배송확인,서비스이용,True
J18_S001213,불만제기,배송확인,True
J18_S002788,교환반품,배송확인,True
J18_S014894,환불요청,주문취소,True
J19_S006339,주문취소,환불요청,True
J19_S031615,서비스이용,배송확인,True
J18_S006136,배송확인,구매진행,True
J19_S036373,구매진행,배송확인,True
J19_S030040,환불요청,구매진행,True
J19_S013971,환불요청,서비스이용,True
J19_S037404,구매진행,서비스이용,True
J19_S002438,환불요청,서비스이용,True
J19_S022644,구매진행,서비스이용,True
J18_S006139,환불요청,서비스이용,True
J18_S011002,환불요청,서비스이용,True
J19_S022454,서비스이용,구매진행,True
J19_S004941,환불요청,서비스이용,True
J18_S007425,교환반품,서비스이용,True
J19_S002397,배송확인,구매진행,True
J19_S028899,주문취소,구매진행,True
J19_S025590,환불요청,주문취소,True
J19_S017621,환불요청,서비스이용,True
J18_S005573,환불요청,교환반품,True
J19_S010350,구매진행,교환반품,True
J19_S018311,환불요청,주문취소,True
J18_S003560,교환반품,배송확인,True
J19_S002329,환불요청,주문취소,True
J19_S015070,환불요청,주문취소,True
J19_S033074,환불요청,구매진행,True
