n,condition,class,precision,recall,f1,support,n_total,accuracy,macro_f1,delta_precision_vs_no_acoustic,delta_recall_vs_no_acoustic,delta_f1_vs_no_acoustic
2,A,환불요청,0.7075962539021852,0.2821576763485477,0.4034411153960249,4820,9658,0.3191136881341893,0.2700443147734505,,,
2,A,주문취소,0.1263089005235602,0.3814229249011858,0.18977384464110128,506,9658,0.3191136881341893,0.2700443147734505,,,
2,A,불만제기,0.052884615384615384,0.05275779376498801,0.05282112845138055,417,9658,0.3191136881341893,0.2700443147734505,,,
2,A,배송확인,0.27870813397129185,0.4910432033719705,0.35558946966806565,949,9658,0.3191136881341893,0.2700443147734505,,,
2,A,교환반품,0.530952380952381,0.3373676248108926,0.4125809435707678,1322,9658,0.3191136881341893,0.2700443147734505,,,
2,A,구매진행,0.15990639625585024,0.37340619307832423,0.2239213544511196,549,9658,0.3191136881341893,0.2700443147734505,,,
2,A,서비스이용,0.19519519519519518,0.3561643835616438,0.2521823472356935,1095,9658,0.3191136881341893,0.2700443147734505,,,
2,B,환불요청,0.7228177641653905,0.2937759336099585,0.417760731671338,4820,9658,0.3330917374197556,0.27996816278730824,0.015221510263205285,0.011618257261410803,0.014319616275313085
2,B,주문취소,0.12635983263598327,0.2984189723320158,0.17754262198706644,506,9658,0.3330917374197556,0.27996816278730824,5.093211242307438e-05,-0.08300395256916998,-0.01223122265403484
2,B,불만제기,0.08092485549132948,0.0671462829736211,0.07339449541284404,417,9658,0.3330917374197556,0.27996816278730824,0.028040240106714097,0.014388489208633094,0.020573366961463488
2,B,배송확인,0.3251968503937008,0.4351949420442571,0.3722397476340694,949,9658,0.3330917374197556,0.27996816278730824,0.04648871642240893,-0.05584826132771337,0.016650277966003768
2,B,교환반품,0.5897858319604613,0.2708018154311649,0.3711767755313634,1322,9658,0.3330917374197556,0.27996816278730824,0.05883345100808035,-0.06656580937972773,-0.04140416803940439
2,B,구매진행,0.17282958199356913,0.39162112932604737,0.23982152816508645,549,9658,0.3330917374197556,0.27996816278730824,0.01292318573771889,0.018214936247723135,0.015900173713966848
2,B,서비스이용,0.20941718801448797,0.5808219178082191,0.30784123910939015,1095,9658,0.3330917374197556,0.27996816278730824,0.01422199281929279,0.2246575342465753,0.05565889187369666
2,C,환불요청,0.7109634551495017,0.3107883817427386,0.4325104662913238,4820,9658,0.3318492441499275,0.27350715201891573,,,
2,C,주문취소,0.1292466765140325,0.3458498023715415,0.1881720430107527,506,9658,0.3318492441499275,0.27350715201891573,,,
2,C,불만제기,0.0387409200968523,0.03836930455635491,0.03855421686746988,417,9658,0.3318492441499275,0.27350715201891573,,,
2,C,배송확인,0.28969539857420606,0.47102212855637515,0.35874799357945425,949,9658,0.3318492441499275,0.27350715201891573,,,
2,C,교환반품,0.5672853828306265,0.3698940998487141,0.4478021978021978,1322,9658,0.3318492441499275,0.27350715201891573,,,
2,C,구매진행,0.14648117839607203,0.32604735883424407,0.20214568040654998,549,9658,0.3318492441499275,0.27350715201891573,,,
2,C,서비스이용,0.18590635141400091,0.36621004566210047,0.24661746617466174,1095,9658,0.3318492441499275,0.27350715201891573,,,
2,D,환불요청,0.7353077279037482,0.3296680497925311,0.4552356395931815,4820,9658,0.3460343756471319,0.2828901213022236,0.024344272754246554,0.01887966804979252,0.022725173301857693
2,D,주문취소,0.13043478260869565,0.27865612648221344,0.1776937618147448,506,9658,0.3460343756471319,0.2828901213022236,0.0011881060946631605,-0.06719367588932806,-0.010478281196007883
2,D,불만제기,0.07432432432432433,0.05275779376498801,0.061711079943899017,417,9658,0.3460343756471319,0.2828901213022236,0.035583404227472026,0.014388489208633094,0.023156863076429134
2,D,배송확인,0.3341483292583537,0.4320337197049526,0.37683823529411764,949,9658,0.3460343756471319,0.2828901213022236,0.04445293068414763,-0.038988408851422574,0.01809024171466339
2,D,교환반품,0.6351575456053068,0.2897125567322239,0.3979220779220779,1322,9658,0.3460343756471319,0.2828901213022236,0.06787216277468033,-0.08018154311649017,-0.04988011988011992
2,D,구매진행,0.16494845360824742,0.34972677595628415,0.22416812609457093,549,9658,0.3460343756471319,0.2828901213022236,0.018467275212175394,0.02367941712204008,0.022022445688020947
2,D,서비스이용,0.19353806781829813,0.5525114155251142,0.2866619284529732,1095,9658,0.3460343756471319,0.2828901213022236,0.007631716404297217,0.1863013698630137,0.04004446227831149
3,A,환불요청,0.7646321070234113,0.37946058091286305,0.507210205213533,4820,9658,0.4214123006833713,0.35541434716586895,,,
3,A,주문취소,0.14958283671036948,0.49604743083003955,0.22985347985347984,506,9658,0.4214123006833713,0.35541434716586895,,,
3,A,불만제기,0.08712121212121213,0.05515587529976019,0.06754772393538913,417,9658,0.4214123006833713,0.35541434716586895,,,
3,A,배송확인,0.37753807106598986,0.6269757639620653,0.47128712871287126,949,9658,0.4214123006833713,0.35541434716586895,,,
3,A,교환반품,0.577028258887876,0.47881996974281393,0.5233567589913187,1322,9658,0.4214123006833713,0.35541434716586895,,,
3,A,구매진행,0.25990783410138246,0.5136612021857924,0.34516523867809057,549,9658,0.4214123006833713,0.35541434716586895,,,
3,A,서비스이용,0.29182630906768836,0.41735159817351597,0.34347989477639984,1095,9658,0.4214123006833713,0.35541434716586895,,,
3,B,환불요청,0.7851140456182473,0.4070539419087137,0.5361388167782484,4820,9658,0.43383723338165253,0.3612543392199787,0.020481938594835936,0.027593360995850635,0.02892861156471538
3,B,주문취소,0.1646586345381526,0.4051383399209486,0.23415191319246145,506,9658,0.43383723338165253,0.3612543392199787,0.015075797827783122,-0.09090909090909094,0.004298433338981611
3,B,불만제기,0.11042944785276074,0.08633093525179857,0.09690444145356662,417,9658,0.43383723338165253,0.3612543392199787,0.02330823573154861,0.031175059952038377,0.02935671751817749
3,B,배송확인,0.4224683544303797,0.5626975763962065,0.482602801626751,949,9658,0.43383723338165253,0.3612543392199787,0.04493028336438987,-0.06427818756585879,0.011315672913879748
3,B,교환반품,0.6114058355437666,0.348714069591528,0.4441233140655106,1322,9658,0.43383723338165253,0.3612543392199787,0.034377576655890585,-0.13010590015128592,-0.07923344492580814
3,B,구매진행,0.2506938020351526,0.4936247723132969,0.3325153374233129,549,9658,0.43383723338165253,0.3612543392199787,-0.009214032066229838,-0.020036429872495487,-0.012649901254777662
3,B,서비스이용,0.28967456809963843,0.6584474885844749,0.40234375,1095,9658,0.43383723338165253,0.3612543392199787,-0.002151740968049931,0.2410958904109589,0.05886385522360016
3,C,환불요청,0.7687861271676301,0.44149377593360994,0.5608856088560885,4820,9658,0.4614827086353282,0.3763373741031244,,,
3,C,주문취소,0.16427640156453716,0.4980237154150198,0.24705882352941178,506,9658,0.4614827086353282,0.3763373741031244,,,
3,C,불만제기,0.05511811023622047,0.03357314148681055,0.041728763040238454,417,9658,0.4614827086353282,0.3763373741031244,,,
3,C,배송확인,0.4060846560846561,0.6469968387776607,0.4989841527834214,949,9658,0.4614827086353282,0.3763373741031244,,,
3,C,교환반품,0.6139613120269134,0.5521936459909228,0.5814416567104739,1322,9658,0.4614827086353282,0.3763373741031244,,,
3,C,구매진행,0.25722543352601157,0.48633879781420764,0.33648393194706994,549,9658,0.4614827086353282,0.3763373741031244,,,
3,C,서비스이용,0.33162142333088773,0.41278538812785387,0.3677786818551668,1095,9658,0.4614827086353282,0.3763373741031244,,,
3,D,환불요청,0.7892190739460954,0.4738589211618257,0.5921700803733472,4820,9658,0.47390764133360946,0.38179756566544487,0.0204329467784653,0.032365145228215764,0.03128447151725866
3,D,주문취소,0.1813380281690141,0.40711462450592883,0.25091352009744217,506,9658,0.47390764133360946,0.38179756566544487,0.017061626604476937,-0.09090909090909094,0.0038546965680303913
3,D,불만제기,0.08163265306122448,0.047961630695443645,0.06042296072507553,417,9658,0.47390764133360946,0.38179756566544487,0.02651454282500401,0.014388489208633094,0.01869419768483708
3,D,배송확인,0.43829468960359014,0.6174920969441517,0.5126859142607174,949,9658,0.47390764133360946,0.38179756566544487,0.032210033518934034,-0.02950474183350893,0.013701761477296015
3,D,교환반품,0.6629766297662977,0.40771558245083206,0.5049180327868853,1322,9658,0.47390764133360946,0.38179756566544487,0.04901531773938428,-0.14447806354009074,-0.07652362392358858
3,D,구매진행,0.26340996168582376,0.5009107468123861,0.34526051475204017,549,9658,0.47390764133360946,0.38179756566544487,0.006184528159812186,0.014571948998178486,0.008776582804970234
3,D,서비스이용,0.30470534490634993,0.6091324200913242,0.4062119366626066,1095,9658,0.47390764133360946,0.38179756566544487,-0.026916078424537804,0.1963470319634703,0.038433254807439754
5,A,환불요청,0.7972367438386856,0.4429460580912863,0.5694851960522807,4820,9658,0.4806378132118451,0.40018991149536276,,,
5,A,주문취소,0.1739915713425647,0.5711462450592886,0.2667281956622058,506,9658,0.4806378132118451,0.40018991149536276,,,
5,A,불만제기,0.0821256038647343,0.0407673860911271,0.05448717948717949,417,9658,0.4806378132118451,0.40018991149536276,,,
5,A,배송확인,0.4311868686868687,0.7197049525816649,0.5392814844058429,949,9658,0.4806378132118451,0.40018991149536276,,,
5,A,교환반품,0.601312551271534,0.5544629349470499,0.5769382133018497,1322,9658,0.4806378132118451,0.40018991149536276,,,
5,A,구매진행,0.3110195674562307,0.5500910746812386,0.3973684210526316,549,9658,0.4806378132118451,0.40018991149536276,,,
5,A,서비스이용,0.3609865470852018,0.4410958904109589,0.3970406905055487,1095,9658,0.4806378132118451,0.40018991149536276,,,
5,B,환불요청,0.8166550034989503,0.4842323651452282,0.6079708257358687,4820,9658,0.5026920687512942,0.41886821956461145,0.01941825966026467,0.04128630705394193,0.03848562968358804
5,B,주문취소,0.19388576025744167,0.4762845849802372,0.2755860491709548,506,9658,0.5026920687512942,0.41886821956461145,0.01989418891487696,-0.09486166007905139,0.008857853508749014
5,B,불만제기,0.14338235294117646,0.09352517985611511,0.11320754716981132,417,9658,0.5026920687512942,0.41886821956461145,0.06125674907644216,0.05275779376498801,0.058720367682631835
5,B,배송확인,0.4879000780640125,0.6585879873551106,0.5605381165919282,949,9658,0.5026920687512942,0.41886821956461145,0.0567132093771438,-0.0611169652265543,0.02125663218608531
5,B,교환반품,0.6666666666666666,0.4341906202723147,0.5258818140174072,1322,9658,0.5026920687512942,0.41886821956461145,0.06535411539513258,-0.1202723146747352,-0.0510563992844425
5,B,구매진행,0.289544235924933,0.5901639344262295,0.38848920863309355,549,9658,0.5026920687512942,0.41886821956461145,-0.021475331531297714,0.04007285974499086,-0.00887921241953804
5,B,서비스이용,0.3547430830039526,0.6557077625570776,0.4604039756332158,1095,9658,0.5026920687512942,0.41886821956461145,-0.006243464081249206,0.2146118721461187,0.06336328512766709
5,C,환불요청,0.8323814962878355,0.6047717842323651,0.7005527517423696,4820,9658,0.5969144750465935,0.4827749086674475,,,
5,C,주문취소,0.22788605697151423,0.6007905138339921,0.33043478260869563,506,9658,0.5969144750465935,0.4827749086674475,,,
5,C,불만제기,0.1111111111111111,0.03836930455635491,0.0570409982174688,417,9658,0.5969144750465935,0.4827749086674475,,,
5,C,배송확인,0.5087131367292225,0.7997892518440464,0.6218762802130274,949,9658,0.5969144750465935,0.4827749086674475,,,
5,C,교환반품,0.6477675407512402,0.6913767019667171,0.6688620563483352,1322,9658,0.5969144750465935,0.4827749086674475,,,
5,C,구매진행,0.40828402366863903,0.6284153005464481,0.4949784791965567,549,9658,0.5969144750465935,0.4827749086674475,,,
5,C,서비스이용,0.5505376344086022,0.46757990867579907,0.505679012345679,1095,9658,0.5969144750465935,0.4827749086674475,,,
5,D,환불요청,0.835635359116022,0.6275933609958506,0.716824644549763,4820,9658,0.5943259474011182,0.4742545044769502,0.0032538628281865156,0.022821576763485507,0.016271892807393384
5,D,주문취소,0.23253588516746412,0.48023715415019763,0.31334622823984526,506,9658,0.5943259474011182,0.4742545044769502,0.00464982819594989,-0.12055335968379444,-0.017088554368850373
5,D,불만제기,0.12195121951219512,0.05995203836930456,0.08038585209003216,417,9658,0.5943259474011182,0.4742545044769502,0.010840108401084014,0.021582733812949645,0.023344853872563354
5,D,배송확인,0.5298013245033113,0.7586933614330874,0.6239168110918544,949,9658,0.5943259474011182,0.4742545044769502,0.02108818777408883,-0.04109589041095896,0.0020405308788269405
5,D,교환반품,0.7112887112887113,0.5385779122541604,0.6130004304778304,1322,9658,0.5943259474011182,0.4742545044769502,0.06352117053747108,-0.15279878971255667,-0.055861625870504805
5,D,구매진행,0.33565737051792827,0.6138433515482696,0.4339987121699936,549,9658,0.5943259474011182,0.4742545044769502,-0.07262665315071076,-0.014571948998178486,-0.0609797670265631
5,D,서비스이용,0.476123595505618,0.6191780821917808,0.538308852719333,1095,9658,0.5943259474011182,0.4742545044769502,-0.07441403890298415,0.15159817351598176,0.03262984037365402
