section,n,condition,pair,metric,v_base,v3_orig,delta,class
불만제기_클래스,2,A,,recall,0.05275779376498801,0.05275779376498801,0.0,
불만제기_클래스,2,A,,precision,0.052884615384615384,0.052884615384615384,0.0,
불만제기_클래스,2,A,,f1,0.05282112845138055,0.05282112845138055,0.0,
불만제기_클래스,2,B,,recall,0.05755395683453238,0.0671462829736211,0.009592326139088725,
불만제기_클래스,2,B,,precision,0.04428044280442804,0.08092485549132948,0.03664441268690144,
불만제기_클래스,2,B,,f1,0.05005213764337852,0.07339449541284404,0.02334235776946552,
불만제기_클래스,2,C,,recall,0.03836930455635491,0.03836930455635491,0.0,
불만제기_클래스,2,C,,precision,0.0387409200968523,0.0387409200968523,0.0,
불만제기_클래스,2,C,,f1,0.03855421686746988,0.03855421686746988,0.0,
불만제기_클래스,2,D,,recall,0.05275779376498801,0.05275779376498801,0.0,
불만제기_클래스,2,D,,precision,0.043478260869565216,0.07432432432432433,0.030846063454759112,
불만제기_클래스,2,D,,f1,0.047670639219934995,0.061711079943899017,0.014040440723964022,
불만제기_클래스,3,A,,recall,0.05515587529976019,0.05515587529976019,0.0,
불만제기_클래스,3,A,,precision,0.08712121212121213,0.08712121212121213,0.0,
불만제기_클래스,3,A,,f1,0.06754772393538913,0.06754772393538913,0.0,
불만제기_클래스,3,B,,recall,0.05995203836930456,0.08633093525179857,0.026378896882494007,
불만제기_클래스,3,B,,precision,0.07225433526011561,0.11042944785276074,0.038175112592645125,
불만제기_클래스,3,B,,f1,0.0655307994757536,0.09690444145356662,0.03137364197781302,
불만제기_클래스,3,C,,recall,0.03357314148681055,0.03357314148681055,0.0,
불만제기_클래스,3,C,,precision,0.05511811023622047,0.05511811023622047,0.0,
불만제기_클래스,3,C,,f1,0.041728763040238454,0.041728763040238454,0.0,
불만제기_클래스,3,D,,recall,0.03597122302158273,0.047961630695443645,0.011990407673860913,
불만제기_클래스,3,D,,precision,0.053003533568904596,0.08163265306122448,0.028629119492319888,
불만제기_클래스,3,D,,f1,0.04285714285714286,0.06042296072507553,0.017565817867932675,
불만제기_클래스,5,A,,recall,0.0407673860911271,0.0407673860911271,0.0,
불만제기_클래스,5,A,,precision,0.0821256038647343,0.0821256038647343,0.0,
불만제기_클래스,5,A,,f1,0.05448717948717949,0.05448717948717949,0.0,
불만제기_클래스,5,B,,recall,0.045563549160671464,0.09352517985611511,0.047961630695443645,
불만제기_클래스,5,B,,precision,0.07224334600760456,0.14338235294117646,0.0711390069335719,
불만제기_클래스,5,B,,f1,0.05588235294117647,0.11320754716981132,0.05732519422863485,
불만제기_클래스,5,C,,recall,0.03836930455635491,0.03836930455635491,0.0,
불만제기_클래스,5,C,,precision,0.1111111111111111,0.1111111111111111,0.0,
불만제기_클래스,5,C,,f1,0.0570409982174688,0.0570409982174688,0.0,
불만제기_클래스,5,D,,recall,0.047961630695443645,0.05995203836930456,0.011990407673860913,
불만제기_클래스,5,D,,precision,0.14084507042253522,0.12195121951219512,-0.0188938509103401,
불만제기_클래스,5,D,,f1,0.07155635062611806,0.08038585209003216,0.008829501463914091,
7way_전체_참고,2,A,,accuracy,0.3191136881341893,0.3191136881341893,0.0,
7way_전체_참고,2,A,,macro_f1,0.2700443147734505,0.2700443147734505,0.0,
7way_전체_참고,2,B,,accuracy,0.33029612756264237,0.3330917374197556,0.002795609857113246,
7way_전체_참고,2,B,,macro_f1,0.27625903112971983,0.27996816278730824,0.003709131657588405,
7way_전체_참고,2,C,,accuracy,0.3318492441499275,0.3318492441499275,0.0,
7way_전체_참고,2,C,,macro_f1,0.27350715201891573,0.27350715201891573,0.0,
7way_전체_참고,2,D,,accuracy,0.3407537792503624,0.3460343756471319,0.005280596396769532,
7way_전체_참고,2,D,,macro_f1,0.27996076014550747,0.2828901213022236,0.0029293611567161038,
7way_전체_참고,3,A,,accuracy,0.4214123006833713,0.4214123006833713,0.0,
7way_전체_참고,3,A,,macro_f1,0.35541434716586895,0.35541434716586895,0.0,
7way_전체_참고,3,B,,accuracy,0.43559743218057567,0.43383723338165253,-0.0017601987989231405,
7way_전체_참고,3,B,,macro_f1,0.36229201677352496,0.3612543392199787,-0.001037677553546279,
7way_전체_참고,3,C,,accuracy,0.4614827086353282,0.4614827086353282,0.0,
7way_전체_참고,3,C,,macro_f1,0.3763373741031244,0.3763373741031244,0.0,
7way_전체_참고,3,D,,accuracy,0.47804928556636983,0.47390764133360946,-0.004141644232760366,
7way_전체_참고,3,D,,macro_f1,0.38746577266601123,0.38179756566544487,-0.005668207000566361,
7way_전체_참고,5,A,,accuracy,0.4806378132118451,0.4806378132118451,0.0,
7way_전체_참고,5,A,,macro_f1,0.40018991149536276,0.40018991149536276,0.0,
7way_전체_참고,5,B,,accuracy,0.48954234831228,0.5026920687512942,0.013149720439014245,
7way_전체_참고,5,B,,macro_f1,0.4076326818280716,0.41886821956461145,0.011235537736539847,
7way_전체_참고,5,C,,accuracy,0.5969144750465935,0.5969144750465935,0.0,
7way_전체_참고,5,C,,macro_f1,0.4827749086674475,0.4827749086674475,0.0,
7way_전체_참고,5,D,,accuracy,0.5990888382687927,0.5943259474011182,-0.004762890867674452,
7way_전체_참고,5,D,,macro_f1,0.48443141552553765,0.4742545044769502,-0.010176911048587423,
음향델타_기타클래스,2,,customer_only,acoustic_delta_recall,0.026141078838174292,0.011618257261410803,-0.01452282157676349,환불요청
음향델타_기타클래스,2,,customer_only,acoustic_delta_precision,-0.009615981473815038,0.015221510263205285,0.024837491737020323,환불요청
음향델타_기타클래스,2,,customer_only,acoustic_delta_f1,0.024246321645276014,0.014319616275313085,-0.00992670536996293,환불요청
음향델타_기타클래스,2,,customer_only,acoustic_delta_recall,-0.011857707509881465,-0.08300395256916998,-0.07114624505928852,주문취소
음향델타_기타클래스,2,,customer_only,acoustic_delta_precision,-0.004086678301337979,5.093211242307438e-05,0.004137610413761053,주문취소
음향델타_기타클래스,2,,customer_only,acoustic_delta_f1,-0.006080327941690666,-0.01223122265403484,-0.006150894712344174,주문취소
음향델타_불만제기,2,,customer_only,acoustic_delta_recall,0.004796163069544369,0.014388489208633094,0.009592326139088725,불만제기
음향델타_불만제기,2,,customer_only,acoustic_delta_precision,-0.008604172580187343,0.028040240106714097,0.03664441268690144,불만제기
음향델타_불만제기,2,,customer_only,acoustic_delta_f1,-0.0027689908080020323,0.020573366961463488,0.02334235776946552,불만제기
음향델타_기타클래스,2,,customer_only,acoustic_delta_recall,-0.02107481559536356,-0.05584826132771337,-0.034773445732349806,배송확인
음향델타_기타클래스,2,,customer_only,acoustic_delta_precision,0.007372687067835781,0.04648871642240893,0.039116029354573145,배송확인
음향델타_기타클래스,2,,customer_only,acoustic_delta_f1,7.241230960580713e-05,0.016650277966003768,0.01657786565639796,배송확인
음향델타_기타클래스,2,,customer_only,acoustic_delta_recall,-0.0022692889561271024,-0.06656580937972773,-0.06429652042360062,교환반품
음향델타_기타클래스,2,,customer_only,acoustic_delta_precision,0.0014995421245421747,0.05883345100808035,0.057333908883538176,교환반품
음향델타_기타클래스,2,,customer_only,acoustic_delta_f1,-0.0012531812680751098,-0.04140416803940439,-0.04015098677132928,교환반품
음향델타_기타클래스,2,,customer_only,acoustic_delta_recall,-0.014571948998178541,0.018214936247723135,0.032786885245901676,구매진행
음향델타_기타클래스,2,,customer_only,acoustic_delta_precision,0.020661889720318405,0.01292318573771889,-0.007738703982599515,구매진행
음향델타_기타클래스,2,,customer_only,acoustic_delta_f1,0.01632254798790478,0.015900173713966848,-0.00042237427393793103,구매진행
음향델타_기타클래스,2,,customer_only,acoustic_delta_recall,0.015525114155251152,0.2246575342465753,0.20913242009132416,서비스이용
음향델타_기타클래스,2,,customer_only,acoustic_delta_precision,0.010880754171893436,0.01422199281929279,0.0033412386473993527,서비스이용
음향델타_기타클래스,2,,customer_only,acoustic_delta_f1,0.012964232568866751,0.05565889187369666,0.04269465930482991,서비스이용
음향델타_기타클래스,2,,all,acoustic_delta_recall,0.019709543568464716,0.01887966804979252,-0.0008298755186721962,환불요청
음향델타_기타클래스,2,,all,acoustic_delta_precision,-0.011972669717294493,0.024344272754246554,0.03631694247154105,환불요청
음향델타_기타클래스,2,,all,acoustic_delta_f1,0.01628513872346704,0.022725173301857693,0.006440034578390652,환불요청
음향델타_기타클래스,2,,all,acoustic_delta_recall,-0.007905138339920958,-0.06719367588932806,-0.059288537549407105,주문취소
음향델타_기타클래스,2,,all,acoustic_delta_precision,-0.0031404818237669996,0.0011881060946631605,0.00432858791843016,주문취소
음향델타_기타클래스,2,,all,acoustic_delta_f1,-0.004498573622997576,-0.010478281196007883,-0.005979707573010307,주문취소
음향델타_불만제기,2,,all,acoustic_delta_recall,0.014388489208633094,0.014388489208633094,0.0,불만제기
음향델타_불만제기,2,,all,acoustic_delta_precision,0.004737340772712914,0.035583404227472026,0.030846063454759112,불만제기
음향델타_불만제기,2,,all,acoustic_delta_f1,0.009116422352465112,0.023156863076429134,0.014040440723964022,불만제기
음향델타_기타클래스,2,,all,acoustic_delta_recall,-0.011591148577449972,-0.038988408851422574,-0.0273972602739726,배송확인
음향델타_기타클래스,2,,all,acoustic_delta_precision,0.017130780173154947,0.04445293068414763,0.027322150510992682,배송확인
음향델타_기타클래스,2,,all,acoustic_delta_f1,0.009184495872022524,0.01809024171466339,0.008905745842640866,배송확인
음향델타_기타클래스,2,,all,acoustic_delta_recall,0.001512859304084735,-0.08018154311649017,-0.08169440242057491,교환반품
음향델타_기타클래스,2,,all,acoustic_delta_precision,-0.008696076801047448,0.06787216277468033,0.07656823957572778,교환반품
음향델타_기타클래스,2,,all,acoustic_delta_f1,-0.0016413618185540102,-0.04988011988011992,-0.04823875806156591,교환반품
음향델타_기타클래스,2,,all,acoustic_delta_recall,-0.007285974499089243,0.02367941712204008,0.030965391621129323,구매진행
음향델타_기타클래스,2,,all,acoustic_delta_precision,0.018925248825099994,0.018467275212175394,-0.00045797361292460037,구매진행
음향델타_기타클래스,2,,all,acoustic_delta_f1,0.015651457116785422,0.022022445688020947,0.006370988571235525,구매진행
음향델타_기타클래스,2,,all,acoustic_delta_recall,0.0018264840182648512,0.1863013698630137,0.18447488584474886,서비스이용
음향델타_기타클래스,2,,all,acoustic_delta_precision,0.0007541395540398566,0.007631716404297217,0.006877576850257361,서비스이용
음향델타_기타클래스,2,,all,acoustic_delta_f1,0.0010776782629535187,0.04004446227831149,0.03896678401535797,서비스이용
음향델타_기타클래스,3,,customer_only,acoustic_delta_recall,0.032365145228215764,0.027593360995850635,-0.004771784232365128,환불요청
음향델타_기타클래스,3,,customer_only,acoustic_delta_precision,-0.01245325139627984,0.020481938594835936,0.032935189991115776,환불요청
음향델타_기타클래스,3,,customer_only,acoustic_delta_f1,0.02503272279290214,0.02892861156471538,0.0038958887718132384,환불요청
음향델타_기타클래스,3,,customer_only,acoustic_delta_recall,-0.015810276679841917,-0.09090909090909094,-0.07509881422924902,주문취소
음향델타_기타클래스,3,,customer_only,acoustic_delta_precision,0.004604980548513771,0.015075797827783122,0.010470817279269351,주문취소
음향델타_기타클래스,3,,customer_only,acoustic_delta_f1,0.0035759149592002604,0.004298433338981611,0.0007225183797813506,주문취소
음향델타_불만제기,3,,customer_only,acoustic_delta_recall,0.004796163069544369,0.031175059952038377,0.026378896882494007,불만제기
음향델타_불만제기,3,,customer_only,acoustic_delta_precision,-0.014866876861096515,0.02330823573154861,0.038175112592645125,불만제기
음향델타_불만제기,3,,customer_only,acoustic_delta_f1,-0.0020169244596355274,0.02935671751817749,0.03137364197781302,불만제기
음향델타_기타클래스,3,,customer_only,acoustic_delta_recall,-0.004214963119072657,-0.06427818756585879,-0.060063224446786134,배송확인
음향델타_기타클래스,3,,customer_only,acoustic_delta_precision,0.01153368666936233,0.04493028336438987,0.033396596695027536,배송확인
음향델타_기타클래스,3,,customer_only,acoustic_delta_f1,0.007643179228781882,0.011315672913879748,0.0036724936850978662,배송확인
음향델타_기타클래스,3,,customer_only,acoustic_delta_recall,0.013615733736762448,-0.13010590015128592,-0.14372163388804837,교환반품
음향델타_기타클래스,3,,customer_only,acoustic_delta_precision,-0.019187641921295073,0.034377576655890585,0.05356521857718566,교환반품
음향델타_기타클래스,3,,customer_only,acoustic_delta_f1,-0.0002551117434279604,-0.07923344492580814,-0.07897833318238018,교환반품
음향델타_기타클래스,3,,customer_only,acoustic_delta_recall,-0.029143897996357027,-0.020036429872495487,0.00910746812386154,구매진행
음향델타_기타클래스,3,,customer_only,acoustic_delta_precision,0.01688717110153115,-0.009214032066229838,-0.02610120316776099,구매진행
음향델타_기타클래스,3,,customer_only,acoustic_delta_f1,0.00715264211661143,-0.012649901254777662,-0.019802543371389092,구매진행
음향델타_기타클래스,3,,customer_only,acoustic_delta_recall,-0.010045662100456598,0.2410958904109589,0.2511415525114155,서비스이용
음향델타_기타클래스,3,,customer_only,acoustic_delta_precision,0.01575989782886339,-0.002151740968049931,-0.01791163879691332,서비스이용
음향델타_기타클래스,3,,customer_only,acoustic_delta_f1,0.007011264359160108,0.05886385522360016,0.05185259086444005,서비스이용
음향델타_기타클래스,3,,all,acoustic_delta_recall,0.027178423236514537,0.032365145228215764,0.005186721991701226,환불요청
음향델타_기타클래스,3,,all,acoustic_delta_precision,-0.002243880815407495,0.0204329467784653,0.022676827593872795,환불요청
음향델타_기타클래스,3,,all,acoustic_delta_f1,0.02080616402919533,0.03128447151725866,0.010478307488063332,환불요청
음향델타_기타클래스,3,,all,acoustic_delta_recall,-0.005928853754940733,-0.09090909090909094,-0.0849802371541502,주문취소
음향델타_기타클래스,3,,all,acoustic_delta_precision,0.007447736366497315,0.017061626604476937,0.009613890237979622,주문취소
음향델타_기타클래스,3,,all,acoustic_delta_f1,0.007542403464453229,0.0038546965680303913,-0.0036877068964228377,주문취소
음향델타_불만제기,3,,all,acoustic_delta_recall,0.0023980815347721812,0.014388489208633094,0.011990407673860913,불만제기
음향델타_불만제기,3,,all,acoustic_delta_precision,-0.002114576667315876,0.02651454282500401,0.028629119492319888,불만제기
음향델타_불만제기,3,,all,acoustic_delta_f1,0.001128379816904404,0.01869419768483708,0.017565817867932675,불만제기
음향델타_기타클래스,3,,all,acoustic_delta_recall,0.0021074815595363283,-0.02950474183350893,-0.03161222339304526,배송확인
음향델타_기타클래스,3,,all,acoustic_delta_precision,0.01239360478490914,0.032210033518934034,0.019816428734024893,배송확인
음향델타_기타클래스,3,,all,acoustic_delta_f1,0.009896475056314247,0.013701761477296015,0.0038052864209817683,배송확인
음향델타_기타클래스,3,,all,acoustic_delta_recall,0.02344931921331317,-0.14447806354009074,-0.1679273827534039,교환반품
음향델타_기타클래스,3,,all,acoustic_delta_precision,-0.011904350001596953,0.04901531773938428,0.06091966774098123,교환반품
음향델타_기타클래스,3,,all,acoustic_delta_f1,0.0071120942562701295,-0.07652362392358858,-0.08363571817985871,교환반품
음향델타_기타클래스,3,,all,acoustic_delta_recall,0.009107468123861595,0.014571948998178486,0.0054644808743168904,구매진행
음향델타_기타클래스,3,,all,acoustic_delta_precision,0.028789287819940057,0.006184528159812186,-0.02260475966012787,구매진행
음향델타_기타클래스,3,,all,acoustic_delta_f1,0.026182734719596756,0.008776582804970234,-0.017406151914626522,구매진행
음향델타_기타클래스,3,,all,acoustic_delta_recall,-0.006392694063926951,0.1963470319634703,0.20273972602739726,서비스이용
음향델타_기타클래스,3,,all,acoustic_delta_precision,0.01307261230040585,-0.026916078424537804,-0.039988690724943654,서비스이용
음향델타_기타클래스,3,,all,acoustic_delta_f1,0.005230538597473577,0.038433254807439754,0.03320271620996618,서비스이용
음향델타_기타클래스,5,,customer_only,acoustic_delta_recall,0.013692946058091293,0.04128630705394193,0.027593360995850635,환불요청
음향델타_기타클래스,5,,customer_only,acoustic_delta_precision,0.00109477592917806,0.01941825966026467,0.01832348373108661,환불요청
음향델타_기타클래스,5,,customer_only,acoustic_delta_f1,0.011483525077454093,0.03848562968358804,0.027002104606133948,환불요청
음향델타_기타클래스,5,,customer_only,acoustic_delta_recall,-0.007905138339921014,-0.09486166007905139,-0.08695652173913038,주문취소
음향델타_기타클래스,5,,customer_only,acoustic_delta_precision,0.002369814796049141,0.01989418891487696,0.017524374118827818,주문취소
음향델타_기타클래스,5,,customer_only,acoustic_delta_f1,0.0018863189466537533,0.008857853508749014,0.006971534562095261,주문취소
음향델타_불만제기,5,,customer_only,acoustic_delta_recall,0.0047961630695443624,0.05275779376498801,0.047961630695443645,불만제기
음향델타_불만제기,5,,customer_only,acoustic_delta_precision,-0.009882257857129748,0.06125674907644216,0.0711390069335719,불만제기
음향델타_불만제기,5,,customer_only,acoustic_delta_f1,0.0013951734539969854,0.058720367682631835,0.05732519422863485,불만제기
음향델타_기타클래스,5,,customer_only,acoustic_delta_recall,-0.005268703898840821,-0.0611169652265543,-0.05584826132771348,배송확인
음향델타_기타클래스,5,,customer_only,acoustic_delta_precision,0.01224020783373303,0.0567132093771438,0.04447300154341077,배송확인
음향델타_기타클래스,5,,customer_only,acoustic_delta_f1,0.007934011962195897,0.02125663218608531,0.013322620223889414,배송확인
음향델타_기타클래스,5,,customer_only,acoustic_delta_recall,0.012859304084720136,-0.1202723146747352,-0.13313161875945534,교환반품
음향델타_기타클래스,5,,customer_only,acoustic_delta_precision,-0.016745131162414828,0.06535411539513258,0.08209924655754741,교환반품
음향델타_기타클래스,5,,customer_only,acoustic_delta_f1,-0.0011224743383180247,-0.0510563992844425,-0.049933924946124475,교환반품
음향델타_기타클래스,5,,customer_only,acoustic_delta_recall,-0.0036429872495445936,0.04007285974499086,0.04371584699453546,구매진행
음향델타_기타클래스,5,,customer_only,acoustic_delta_precision,0.019741182268135316,-0.021475331531297714,-0.04121651379943303,구매진행
음향델타_기타클래스,5,,customer_only,acoustic_delta_f1,0.014719491035280474,-0.00887921241953804,-0.023598703454818515,구매진행
음향델타_기타클래스,5,,customer_only,acoustic_delta_recall,0.010958904109588996,0.2146118721461187,0.2036529680365297,서비스이용
음향델타_기타클래스,5,,customer_only,acoustic_delta_precision,0.018906008555627074,-0.006243464081249206,-0.02514947263687628,서비스이용
음향델타_기타클래스,5,,customer_only,acoustic_delta_f1,0.01580334619169904,0.06336328512766709,0.04755993893596805,서비스이용
음향델타_기타클래스,5,,all,acoustic_delta_recall,0.00684647302904573,0.022821576763485507,0.015975103734439777,환불요청
음향델타_기타클래스,5,,all,acoustic_delta_precision,-0.0035931915366407274,0.0032538628281865156,0.006847054364827243,환불요청
음향델타_기타클래스,5,,all,acoustic_delta_f1,0.0032791689929770884,0.016271892807393384,0.012992723814416296,환불요청
음향델타_기타클래스,5,,all,acoustic_delta_recall,-0.009881422924901129,-0.12055335968379444,-0.11067193675889331,주문취소
음향델타_기타클래스,5,,all,acoustic_delta_precision,0.0014084215560931368,0.00464982819594989,0.003241406639856753,주문취소
음향델타_기타클래스,5,,all,acoustic_delta_f1,-4.8042277203896866e-05,-0.017088554368850373,-0.017040512091646476,주문취소
음향델타_불만제기,5,,all,acoustic_delta_recall,0.009592326139088732,0.021582733812949645,0.011990407673860913,불만제기
음향델타_불만제기,5,,all,acoustic_delta_precision,0.029733959311424113,0.010840108401084014,-0.0188938509103401,불만제기
음향델타_불만제기,5,,all,acoustic_delta_f1,0.014515352408649262,0.023344853872563354,0.008829501463914091,불만제기
음향델타_기타클래스,5,,all,acoustic_delta_recall,-0.008429926238145424,-0.04109589041095896,-0.03266596417281353,배송확인
음향델타_기타클래스,5,,all,acoustic_delta_precision,-0.00332955664846879,0.02108818777408883,0.02441774442255762,배송확인
음향델타_기타클래스,5,,all,acoustic_delta_f1,-0.0050384978721650375,0.0020405308788269405,0.007079028750991978,배송확인
음향델타_기타클래스,5,,all,acoustic_delta_recall,-0.001512859304084735,-0.15279878971255667,-0.15128593040847194,교환반품
음향델타_기타클래스,5,,all,acoustic_delta_precision,-0.00187518947645271,0.06352117053747108,0.0653963600139238,교환반품
음향델타_기타클래스,5,,all,acoustic_delta_f1,-0.0017077037514076077,-0.055861625870504805,-0.0541539221190972,교환반품
음향델타_기타클래스,5,,all,acoustic_delta_recall,-0.01821493624772319,-0.014571948998178486,0.0036429872495447047,구매진행
음향델타_기타클래스,5,,all,acoustic_delta_precision,-0.005639792899408247,-0.07262665315071076,-0.06698686025130252,구매진행
음향델타_기타클래스,5,,all,acoustic_delta_f1,-0.009822794909807975,-0.0609797670265631,-0.05115697211675513,구매진행
음향델타_기타클래스,5,,all,acoustic_delta_recall,0.008219178082191803,0.15159817351598176,0.14337899543378996,서비스이용
음향델타_기타클래스,5,,all,acoustic_delta_precision,0.013315179444211678,-0.07441403890298415,-0.08772921834719583,서비스이용
음향델타_기타클래스,5,,all,acoustic_delta_f1,0.010418065415588984,0.03262984037365402,0.022211774958065034,서비스이용
